# Blender 4.3.2
# www.blender.org
mtllib trash1.mtl
o palki.017
v -0.230152 0.002016 -0.230125
v -0.234259 0.006123 -0.230125
v -0.230152 0.006123 -0.234233
v -0.232203 0.002565 -0.230125
v -0.230152 0.002565 -0.232176
v -0.232116 0.003098 -0.232089
v -0.233711 0.006123 -0.232176
v -0.233711 0.004072 -0.230125
v -0.233178 0.004159 -0.232089
v -0.230152 0.004072 -0.233684
v -0.232203 0.006123 -0.233684
v -0.232116 0.004159 -0.233151
v -0.214266 0.713585 -0.219096
v -0.223979 0.717692 -0.223952
v -0.219123 0.713585 -0.214239
v -0.217353 0.715592 -0.219809
v -0.216650 0.713585 -0.218375
v -0.218311 0.715530 -0.219091
v -0.221606 0.717089 -0.220866
v -0.220892 0.717089 -0.221579
v -0.219938 0.716633 -0.219911
v -0.218402 0.713585 -0.216623
v -0.219836 0.715592 -0.217326
v -0.219118 0.715530 -0.218284
v 0.225194 0.002016 -0.230125
v 0.225194 0.006123 -0.234232
v 0.229301 0.006123 -0.230125
v 0.225194 0.002565 -0.232176
v 0.227244 0.002565 -0.230125
v 0.227158 0.003098 -0.232089
v 0.227244 0.006123 -0.233684
v 0.225194 0.004072 -0.233684
v 0.227158 0.004159 -0.233151
v 0.228752 0.004072 -0.230125
v 0.228752 0.006123 -0.232176
v 0.228219 0.004159 -0.232089
v 0.209308 0.713585 -0.219096
v 0.214164 0.713585 -0.214239
v 0.219021 0.717692 -0.223952
v 0.211691 0.713585 -0.218375
v 0.212394 0.715592 -0.219809
v 0.213353 0.715530 -0.219091
v 0.214878 0.715592 -0.217326
v 0.213444 0.713585 -0.216623
v 0.214160 0.715530 -0.218284
v 0.215934 0.717089 -0.221579
v 0.216648 0.717089 -0.220866
v 0.214979 0.716633 -0.219911
v -0.230152 0.002016 0.225220
v -0.230152 0.006123 0.229328
v -0.234259 0.006123 0.225220
v -0.230152 0.002565 0.227271
v -0.232203 0.002565 0.225220
v -0.232116 0.003098 0.227185
v -0.232203 0.006123 0.228779
v -0.230152 0.004072 0.228779
v -0.232116 0.004159 0.228246
v -0.233711 0.004072 0.225220
v -0.233711 0.006123 0.227271
v -0.233178 0.004159 0.227185
v -0.214266 0.713585 0.214191
v -0.219123 0.713585 0.209334
v -0.223979 0.717692 0.219047
v -0.216650 0.713585 0.213470
v -0.217353 0.715592 0.214905
v -0.218311 0.715530 0.214187
v -0.219836 0.715592 0.212421
v -0.218402 0.713585 0.211718
v -0.219118 0.715530 0.213379
v -0.220892 0.717089 0.216674
v -0.221606 0.717089 0.215961
v -0.219938 0.716633 0.215006
v 0.225194 0.002016 0.225221
v 0.229301 0.006123 0.225221
v 0.225194 0.006123 0.229328
v 0.227244 0.002565 0.225221
v 0.225194 0.002565 0.227271
v 0.227158 0.003098 0.227185
v 0.228752 0.006123 0.227271
v 0.228752 0.004072 0.225221
v 0.228219 0.004159 0.227185
v 0.225194 0.004072 0.228779
v 0.227244 0.006123 0.228779
v 0.227158 0.004159 0.228246
v 0.214164 0.713585 0.209334
v 0.209307 0.713585 0.214191
v 0.219021 0.717692 0.219048
v 0.213443 0.713585 0.211718
v 0.214878 0.715592 0.212421
v 0.214160 0.715530 0.213379
v 0.212394 0.715592 0.214905
v 0.211691 0.713585 0.213470
v 0.213353 0.715530 0.214187
v 0.216648 0.717089 0.215961
v 0.215934 0.717089 0.216674
v 0.214979 0.716633 0.215006
v -0.234259 0.713585 -0.230125
v -0.230152 0.717692 -0.230125
v -0.230152 0.713585 -0.234233
v -0.233711 0.715636 -0.230125
v -0.233711 0.713585 -0.232176
v -0.233178 0.715549 -0.232089
v -0.230152 0.717144 -0.232176
v -0.232203 0.717144 -0.230125
v -0.232116 0.716611 -0.232089
v -0.232203 0.713585 -0.233684
v -0.230152 0.715636 -0.233684
v -0.232116 0.715549 -0.233151
v 0.225194 0.717692 -0.230125
v 0.229301 0.713585 -0.230125
v 0.225194 0.713585 -0.234232
v 0.227210 0.717083 -0.230125
v 0.225194 0.717083 -0.232141
v 0.227146 0.716627 -0.232078
v 0.228691 0.713585 -0.232141
v 0.228691 0.715601 -0.230125
v 0.228235 0.715538 -0.232078
v 0.225194 0.715601 -0.233623
v 0.227210 0.713585 -0.233623
v 0.227146 0.715538 -0.233167
v 0.225194 0.717692 0.225221
v 0.225194 0.713585 0.229328
v 0.229301 0.713585 0.225221
v 0.225194 0.717083 0.227237
v 0.227210 0.717083 0.225221
v 0.227146 0.716627 0.227173
v 0.227210 0.713585 0.228718
v 0.225194 0.715601 0.228718
v 0.227146 0.715538 0.228262
v 0.228691 0.715601 0.225221
v 0.228691 0.713585 0.227237
v 0.228235 0.715538 0.227173
v -0.230152 0.717692 0.225220
v -0.234259 0.713585 0.225220
v -0.230152 0.713585 0.229328
v -0.232168 0.717083 0.225220
v -0.230152 0.717083 0.227237
v -0.232105 0.716627 0.227173
v -0.233650 0.713585 0.227237
v -0.233650 0.715601 0.225220
v -0.233194 0.715538 0.227173
v -0.230152 0.715601 0.228718
v -0.232168 0.713585 0.228718
v -0.232105 0.715538 0.228262
v -0.214266 0.067053 -0.219096
v -0.219123 0.067053 -0.214239
v -0.214266 0.062946 -0.214239
v -0.216691 0.067053 -0.218447
v -0.214266 0.065002 -0.218447
v -0.216589 0.065089 -0.217817
v -0.218474 0.065002 -0.214239
v -0.218474 0.067053 -0.216664
v -0.217844 0.065089 -0.216562
v -0.214266 0.063494 -0.216664
v -0.216691 0.063494 -0.214239
v -0.216589 0.064027 -0.216562
v 0.209307 0.067053 -0.219096
v 0.209307 0.062946 -0.214239
v 0.214164 0.067053 -0.214239
v 0.209307 0.065002 -0.218447
v 0.211732 0.067053 -0.218447
v 0.211630 0.065089 -0.217817
v 0.211732 0.063494 -0.214239
v 0.209307 0.063494 -0.216664
v 0.211630 0.064027 -0.216561
v 0.213515 0.067053 -0.216664
v 0.213515 0.065002 -0.214239
v 0.212885 0.065089 -0.216561
v 0.214164 0.067053 0.209334
v 0.209307 0.062946 0.209334
v 0.209307 0.067053 0.214191
v 0.213515 0.065002 0.209334
v 0.213515 0.067053 0.211760
v 0.212885 0.065089 0.211657
v 0.209307 0.063494 0.211760
v 0.211732 0.063494 0.209334
v 0.211630 0.064027 0.211657
v 0.211732 0.067053 0.213542
v 0.209307 0.065002 0.213542
v 0.211630 0.065089 0.212912
v -0.214266 0.067053 0.214191
v -0.214266 0.062946 0.209334
v -0.219123 0.067053 0.209334
v -0.214266 0.065002 0.213542
v -0.216691 0.067053 0.213542
v -0.216589 0.065089 0.212912
v -0.216691 0.063494 0.209334
v -0.214266 0.063494 0.211759
v -0.216589 0.064027 0.211657
v -0.218474 0.067053 0.211759
v -0.218474 0.065002 0.209334
v -0.217844 0.065089 0.211657
v 0.207374 0.666049 -0.067510
v 0.207376 0.666314 -0.067372
v 0.197900 0.666314 -0.066054
v 0.197861 0.666049 -0.066186
v 0.189649 0.666314 -0.062349
v 0.189575 0.666049 -0.062465
v 0.182530 0.666314 -0.056347
v 0.182430 0.666049 -0.056440
v 0.176484 0.666314 -0.048177
v 0.176368 0.666049 -0.048248
v 0.171536 0.666314 -0.038120
v 0.171410 0.666049 -0.038171
v 0.167791 0.666314 -0.026601
v 0.167659 0.666049 -0.026635
v 0.165408 0.666314 -0.014136
v 0.165273 0.666049 -0.014153
v 0.164642 0.666314 -0.001223
v 0.164506 0.666049 -0.001223
v 0.165400 0.666314 0.011598
v 0.165265 0.666049 0.011615
v 0.167750 0.666314 0.023835
v 0.167619 0.666049 0.023870
v 0.171435 0.666314 0.035005
v 0.171309 0.666049 0.035057
v 0.176312 0.666314 0.044636
v 0.176197 0.666049 0.044709
v 0.182302 0.666314 0.052357
v 0.182204 0.666049 0.052454
v 0.189411 0.666314 0.057949
v 0.189342 0.666049 0.058068
v 0.197737 0.666314 0.061325
v 0.197703 0.666049 0.061459
v 0.207320 0.666314 0.062409
v 0.207320 0.666049 0.062547
v 0.215342 0.690718 0.083461
v 0.215338 0.690452 0.083597
v 0.215470 0.690452 0.083465
v 0.215342 0.666049 0.083461
v 0.215470 0.666314 0.083465
v 0.215338 0.666314 0.083597
v 0.215342 0.690718 -0.088539
v 0.215471 0.690452 -0.088542
v 0.215338 0.690452 -0.088674
v 0.207376 0.690452 -0.067372
v 0.207374 0.690718 -0.067510
v 0.197861 0.690718 -0.066186
v 0.197900 0.690452 -0.066054
v 0.189575 0.690718 -0.062465
v 0.189649 0.690452 -0.062349
v 0.182430 0.690718 -0.056440
v 0.182530 0.690452 -0.056347
v 0.176368 0.690718 -0.048248
v 0.176484 0.690452 -0.048177
v 0.171410 0.690718 -0.038171
v 0.171536 0.690452 -0.038120
v 0.167659 0.690718 -0.026635
v 0.167791 0.690452 -0.026601
v 0.165273 0.690718 -0.014153
v 0.165408 0.690452 -0.014136
v 0.164506 0.690718 -0.001223
v 0.164642 0.690452 -0.001223
v 0.165265 0.690718 0.011615
v 0.165400 0.690452 0.011598
v 0.167619 0.690718 0.023870
v 0.167750 0.690452 0.023835
v 0.171309 0.690718 0.035057
v 0.171435 0.690452 0.035005
v 0.176197 0.690718 0.044709
v 0.176312 0.690452 0.044636
v 0.182204 0.690718 0.052454
v 0.182302 0.690452 0.052357
v 0.189342 0.690718 0.058068
v 0.189411 0.690452 0.057949
v 0.197703 0.690718 0.061459
v 0.197737 0.690452 0.061325
v 0.207320 0.690718 0.062547
v 0.207320 0.690452 0.062409
v 0.215342 0.666049 -0.088539
v 0.215338 0.666314 -0.088674
v 0.215471 0.666314 -0.088542
v 0.215927 0.690718 -0.067664
v 0.215916 0.690452 -0.067526
v 0.216055 0.690452 -0.067664
v 0.216055 0.666314 -0.067664
v 0.215916 0.666314 -0.067526
v 0.215927 0.666049 -0.067664
v 0.216041 0.690452 0.062611
v 0.215902 0.690452 0.062475
v 0.215913 0.690718 0.062613
v 0.215902 0.666314 0.062475
v 0.216041 0.666314 0.062611
v 0.215913 0.666049 0.062613
v 0.207330 0.666314 -0.070287
v 0.207333 0.666049 -0.070150
v 0.197131 0.666049 -0.068724
v 0.197093 0.666314 -0.068855
v 0.188171 0.666049 -0.064702
v 0.188098 0.666314 -0.064818
v 0.180505 0.666049 -0.058250
v 0.180405 0.666314 -0.058344
v 0.174112 0.666049 -0.049624
v 0.173995 0.666314 -0.049695
v 0.168961 0.666049 -0.039166
v 0.168835 0.666314 -0.039218
v 0.165099 0.666049 -0.027294
v 0.164967 0.666314 -0.027327
v 0.162649 0.666049 -0.014480
v 0.162514 0.666314 -0.014497
v 0.161862 0.666049 -0.001224
v 0.161727 0.666314 -0.001224
v 0.162642 0.666049 0.011943
v 0.162507 0.666314 0.011960
v 0.165060 0.666049 0.024535
v 0.164928 0.666314 0.024569
v 0.168868 0.666049 0.036072
v 0.168742 0.666314 0.036124
v 0.173965 0.666049 0.046124
v 0.173850 0.666314 0.046197
v 0.180331 0.666049 0.054317
v 0.180235 0.666314 0.054413
v 0.188017 0.666049 0.060353
v 0.187948 0.666314 0.060471
v 0.197051 0.666049 0.064018
v 0.197018 0.666314 0.064150
v 0.207330 0.666049 0.065188
v 0.207330 0.666314 0.065325
v 0.212698 0.690718 0.083397
v 0.212562 0.690452 0.083394
v 0.212694 0.690452 0.083533
v 0.212698 0.666049 0.083397
v 0.212694 0.666314 0.083533
v 0.212562 0.666314 0.083394
v 0.212698 0.690718 -0.088475
v 0.212694 0.690452 -0.088611
v 0.212562 0.690452 -0.088472
v 0.207333 0.690718 -0.070150
v 0.207330 0.690452 -0.070287
v 0.197093 0.690452 -0.068855
v 0.197131 0.690718 -0.068724
v 0.188098 0.690452 -0.064818
v 0.188171 0.690718 -0.064702
v 0.180405 0.690452 -0.058344
v 0.180505 0.690718 -0.058250
v 0.173995 0.690452 -0.049695
v 0.174112 0.690718 -0.049624
v 0.168835 0.690452 -0.039218
v 0.168961 0.690718 -0.039166
v 0.164967 0.690452 -0.027327
v 0.165099 0.690718 -0.027294
v 0.162514 0.690452 -0.014497
v 0.162649 0.690718 -0.014480
v 0.161727 0.690452 -0.001224
v 0.161862 0.690718 -0.001224
v 0.162507 0.690452 0.011960
v 0.162642 0.690718 0.011943
v 0.164928 0.690452 0.024569
v 0.165060 0.690718 0.024535
v 0.168742 0.690452 0.036124
v 0.168868 0.690718 0.036072
v 0.173850 0.690452 0.046197
v 0.173965 0.690718 0.046124
v 0.180235 0.690452 0.054413
v 0.180331 0.690718 0.054317
v 0.187948 0.690452 0.060471
v 0.188017 0.690718 0.060353
v 0.197018 0.690452 0.064150
v 0.197051 0.690718 0.064018
v 0.207330 0.690452 0.065325
v 0.207330 0.690718 0.065188
v 0.212698 0.666049 -0.088475
v 0.212562 0.666314 -0.088472
v 0.212694 0.666314 -0.088611
v 0.212808 0.690452 -0.070978
v 0.212676 0.690452 -0.070857
v 0.212950 0.690718 -0.070691
v 0.212950 0.666049 -0.070691
v 0.212676 0.666314 -0.070857
v 0.212808 0.666314 -0.070978
v 0.213028 0.690718 0.065246
v 0.212754 0.690452 0.065416
v 0.212885 0.690452 0.065535
v 0.213028 0.666049 0.065246
v 0.212885 0.666314 0.065535
v 0.212754 0.666314 0.065416
v 0.212981 0.676010 -0.080469
v 0.212981 0.676163 -0.081339
v 0.212981 0.676605 -0.082105
v 0.212981 0.677282 -0.082673
v 0.212981 0.678112 -0.082975
v 0.212981 0.678996 -0.082975
v 0.212981 0.679826 -0.082673
v 0.212981 0.680503 -0.082105
v 0.212981 0.680945 -0.081339
v 0.212981 0.681098 -0.080469
v 0.212981 0.680945 -0.079599
v 0.212981 0.680503 -0.078834
v 0.212981 0.679826 -0.078266
v 0.212981 0.678996 -0.077964
v 0.212981 0.678112 -0.077964
v 0.212981 0.677282 -0.078266
v 0.212981 0.676605 -0.078834
v 0.212981 0.676163 -0.079599
v 0.210996 0.678554 -0.080469
v 0.212113 0.676010 -0.080469
v 0.210996 0.677144 -0.080469
v 0.211323 0.676342 -0.080469
v 0.210996 0.677229 -0.080952
v 0.212113 0.676163 -0.081339
v 0.211323 0.676476 -0.081226
v 0.210996 0.677474 -0.081376
v 0.212113 0.676605 -0.082105
v 0.211323 0.676860 -0.081891
v 0.210996 0.677849 -0.081690
v 0.212113 0.677282 -0.082673
v 0.211323 0.677448 -0.082385
v 0.210996 0.678309 -0.081858
v 0.212113 0.678112 -0.082975
v 0.211323 0.678170 -0.082648
v 0.210996 0.678799 -0.081858
v 0.212113 0.678996 -0.082975
v 0.211323 0.678938 -0.082648
v 0.210996 0.679259 -0.081690
v 0.212113 0.679826 -0.082673
v 0.211323 0.679660 -0.082385
v 0.210996 0.679634 -0.081376
v 0.212113 0.680503 -0.082105
v 0.211323 0.680249 -0.081891
v 0.210996 0.679879 -0.080952
v 0.212113 0.680945 -0.081339
v 0.211323 0.680633 -0.081226
v 0.210996 0.679964 -0.080469
v 0.212113 0.681098 -0.080469
v 0.211323 0.680766 -0.080469
v 0.210996 0.679879 -0.079987
v 0.212113 0.680945 -0.079599
v 0.211323 0.680633 -0.079713
v 0.210996 0.679634 -0.079563
v 0.212113 0.680503 -0.078834
v 0.211323 0.680249 -0.079048
v 0.210996 0.679259 -0.079248
v 0.212113 0.679826 -0.078266
v 0.211323 0.679660 -0.078554
v 0.210996 0.678799 -0.079081
v 0.212113 0.678996 -0.077964
v 0.211323 0.678938 -0.078291
v 0.210996 0.678309 -0.079081
v 0.212113 0.678112 -0.077964
v 0.211323 0.678170 -0.078291
v 0.210996 0.677849 -0.079248
v 0.212113 0.677282 -0.078266
v 0.211323 0.677448 -0.078554
v 0.210996 0.677474 -0.079563
v 0.212113 0.676605 -0.078834
v 0.211323 0.676860 -0.079048
v 0.210996 0.677229 -0.079987
v 0.212113 0.676163 -0.079599
v 0.211323 0.676476 -0.079713
v 0.212981 0.676010 0.076548
v 0.212981 0.676163 0.077418
v 0.212981 0.676605 0.078184
v 0.212981 0.677282 0.078751
v 0.212981 0.678112 0.079054
v 0.212981 0.678996 0.079054
v 0.212981 0.679826 0.078751
v 0.212981 0.680503 0.078184
v 0.212981 0.680945 0.077418
v 0.212981 0.681098 0.076548
v 0.212981 0.680945 0.075678
v 0.212981 0.680503 0.074913
v 0.212981 0.679826 0.074345
v 0.212981 0.678996 0.074043
v 0.212981 0.678112 0.074043
v 0.212981 0.677282 0.074345
v 0.212981 0.676605 0.074913
v 0.212981 0.676163 0.075678
v 0.210996 0.678554 0.076548
v 0.212113 0.676010 0.076548
v 0.210996 0.677144 0.076548
v 0.211323 0.676342 0.076548
v 0.210996 0.677229 0.077030
v 0.212113 0.676163 0.077418
v 0.211323 0.676476 0.077305
v 0.210996 0.677474 0.077455
v 0.212113 0.676605 0.078184
v 0.211323 0.676860 0.077970
v 0.210996 0.677849 0.077769
v 0.212113 0.677282 0.078751
v 0.211323 0.677448 0.078464
v 0.210996 0.678309 0.077937
v 0.212113 0.678112 0.079054
v 0.211323 0.678170 0.078727
v 0.210996 0.678799 0.077937
v 0.212113 0.678996 0.079054
v 0.211323 0.678938 0.078727
v 0.210996 0.679259 0.077769
v 0.212113 0.679826 0.078751
v 0.211323 0.679660 0.078464
v 0.210996 0.679634 0.077455
v 0.212113 0.680503 0.078184
v 0.211323 0.680249 0.077970
v 0.210996 0.679879 0.077030
v 0.212113 0.680945 0.077418
v 0.211323 0.680633 0.077305
v 0.210996 0.679964 0.076548
v 0.212113 0.681098 0.076548
v 0.211323 0.680766 0.076548
v 0.210996 0.679879 0.076066
v 0.212113 0.680945 0.075678
v 0.211323 0.680633 0.075792
v 0.210996 0.679634 0.075642
v 0.212113 0.680503 0.074913
v 0.211323 0.680249 0.075126
v 0.210996 0.679259 0.075327
v 0.212113 0.679826 0.074345
v 0.211323 0.679660 0.074633
v 0.210996 0.678799 0.075160
v 0.212113 0.678996 0.074043
v 0.211323 0.678938 0.074370
v 0.210996 0.678309 0.075160
v 0.212113 0.678112 0.074043
v 0.211323 0.678170 0.074370
v 0.210996 0.677849 0.075327
v 0.212113 0.677282 0.074345
v 0.211323 0.677448 0.074633
v 0.210996 0.677474 0.075642
v 0.212113 0.676605 0.074913
v 0.211323 0.676860 0.075126
v 0.210996 0.677229 0.076066
v 0.212113 0.676163 0.075678
v 0.211323 0.676476 0.075792
v -0.208272 0.666049 -0.067510
v -0.208274 0.666314 -0.067372
v -0.198797 0.666314 -0.066054
v -0.198759 0.666049 -0.066186
v -0.190546 0.666314 -0.062349
v -0.190473 0.666049 -0.062465
v -0.183428 0.666314 -0.056347
v -0.183328 0.666049 -0.056440
v -0.177382 0.666314 -0.048177
v -0.177266 0.666049 -0.048248
v -0.172434 0.666314 -0.038120
v -0.172308 0.666049 -0.038171
v -0.168689 0.666314 -0.026601
v -0.168557 0.666049 -0.026635
v -0.166305 0.666314 -0.014136
v -0.166170 0.666049 -0.014153
v -0.165540 0.666314 -0.001223
v -0.165404 0.666049 -0.001223
v -0.166298 0.666314 0.011598
v -0.166163 0.666049 0.011615
v -0.168648 0.666314 0.023835
v -0.168516 0.666049 0.023870
v -0.172332 0.666314 0.035005
v -0.172206 0.666049 0.035057
v -0.177210 0.666314 0.044636
v -0.177095 0.666049 0.044709
v -0.183199 0.666314 0.052357
v -0.183102 0.666049 0.052454
v -0.190309 0.666314 0.057949
v -0.190239 0.666049 0.058068
v -0.198635 0.666314 0.061325
v -0.198601 0.666049 0.061459
v -0.208217 0.666314 0.062409
v -0.208218 0.666049 0.062547
v -0.216240 0.690718 0.083461
v -0.216236 0.690452 0.083597
v -0.216368 0.690452 0.083465
v -0.216240 0.666049 0.083461
v -0.216368 0.666314 0.083465
v -0.216236 0.666314 0.083597
v -0.216240 0.690718 -0.088539
v -0.216368 0.690452 -0.088542
v -0.216236 0.690452 -0.088674
v -0.208274 0.690452 -0.067372
v -0.208272 0.690718 -0.067510
v -0.198759 0.690718 -0.066186
v -0.198797 0.690452 -0.066054
v -0.190473 0.690718 -0.062465
v -0.190546 0.690452 -0.062349
v -0.183328 0.690718 -0.056440
v -0.183428 0.690452 -0.056347
v -0.177266 0.690718 -0.048248
v -0.177382 0.690452 -0.048177
v -0.172308 0.690718 -0.038171
v -0.172434 0.690452 -0.038120
v -0.168557 0.690718 -0.026635
v -0.168689 0.690452 -0.026601
v -0.166170 0.690718 -0.014153
v -0.166305 0.690452 -0.014136
v -0.165404 0.690718 -0.001223
v -0.165540 0.690452 -0.001223
v -0.166163 0.690718 0.011615
v -0.166298 0.690452 0.011598
v -0.168516 0.690718 0.023870
v -0.168648 0.690452 0.023835
v -0.172206 0.690718 0.035057
v -0.172332 0.690452 0.035005
v -0.177095 0.690718 0.044709
v -0.177210 0.690452 0.044636
v -0.183102 0.690718 0.052454
v -0.183199 0.690452 0.052357
v -0.190239 0.690718 0.058068
v -0.190309 0.690452 0.057949
v -0.198601 0.690718 0.061459
v -0.198635 0.690452 0.061325
v -0.208218 0.690718 0.062547
v -0.208217 0.690452 0.062409
v -0.216240 0.666049 -0.088539
v -0.216236 0.666314 -0.088674
v -0.216368 0.666314 -0.088542
v -0.216825 0.690718 -0.067664
v -0.216814 0.690452 -0.067526
v -0.216953 0.690452 -0.067664
v -0.216953 0.666314 -0.067664
v -0.216814 0.666314 -0.067526
v -0.216825 0.666049 -0.067664
v -0.216939 0.690452 0.062611
v -0.216800 0.690452 0.062475
v -0.216811 0.690718 0.062613
v -0.216800 0.666314 0.062475
v -0.216939 0.666314 0.062611
v -0.216811 0.666049 0.062613
v -0.208228 0.666314 -0.070287
v -0.208230 0.666049 -0.070150
v -0.198028 0.666049 -0.068724
v -0.197990 0.666314 -0.068855
v -0.189069 0.666049 -0.064702
v -0.188996 0.666314 -0.064818
v -0.181403 0.666049 -0.058250
v -0.181303 0.666314 -0.058344
v -0.175009 0.666049 -0.049624
v -0.174893 0.666314 -0.049695
v -0.169859 0.666049 -0.039166
v -0.169733 0.666314 -0.039218
v -0.165997 0.666049 -0.027294
v -0.165865 0.666314 -0.027328
v -0.163547 0.666049 -0.014480
v -0.163412 0.666314 -0.014497
v -0.162760 0.666049 -0.001224
v -0.162624 0.666314 -0.001224
v -0.163540 0.666049 0.011943
v -0.163405 0.666314 0.011960
v -0.165958 0.666049 0.024535
v -0.165826 0.666314 0.024569
v -0.169766 0.666049 0.036072
v -0.169640 0.666314 0.036124
v -0.174863 0.666049 0.046124
v -0.174748 0.666314 0.046197
v -0.181229 0.666049 0.054317
v -0.181132 0.666314 0.054413
v -0.188914 0.666049 0.060353
v -0.188846 0.666314 0.060471
v -0.197949 0.666049 0.064018
v -0.197915 0.666314 0.064150
v -0.208228 0.666049 0.065188
v -0.208228 0.666314 0.065325
v -0.213595 0.690718 0.083397
v -0.213460 0.690452 0.083394
v -0.213592 0.690452 0.083533
v -0.213595 0.666049 0.083397
v -0.213592 0.666314 0.083533
v -0.213460 0.666314 0.083394
v -0.213595 0.690718 -0.088475
v -0.213592 0.690452 -0.088611
v -0.213460 0.690452 -0.088472
v -0.208230 0.690718 -0.070150
v -0.208228 0.690452 -0.070287
v -0.197990 0.690452 -0.068855
v -0.198028 0.690718 -0.068724
v -0.188996 0.690452 -0.064818
v -0.189069 0.690718 -0.064702
v -0.181303 0.690452 -0.058344
v -0.181403 0.690718 -0.058250
v -0.174893 0.690452 -0.049695
v -0.175009 0.690718 -0.049624
v -0.169733 0.690452 -0.039218
v -0.169859 0.690718 -0.039166
v -0.165865 0.690452 -0.027328
v -0.165997 0.690718 -0.027294
v -0.163412 0.690452 -0.014497
v -0.163547 0.690718 -0.014480
v -0.162624 0.690452 -0.001224
v -0.162760 0.690718 -0.001224
v -0.163405 0.690452 0.011960
v -0.163540 0.690718 0.011943
v -0.165826 0.690452 0.024569
v -0.165958 0.690718 0.024535
v -0.169640 0.690452 0.036124
v -0.169766 0.690718 0.036072
v -0.174748 0.690452 0.046197
v -0.174863 0.690718 0.046124
v -0.181132 0.690452 0.054413
v -0.181229 0.690718 0.054317
v -0.188846 0.690452 0.060471
v -0.188914 0.690718 0.060353
v -0.197915 0.690452 0.064150
v -0.197949 0.690718 0.064018
v -0.208228 0.690452 0.065325
v -0.208228 0.690718 0.065188
v -0.213595 0.666049 -0.088475
v -0.213460 0.666314 -0.088472
v -0.213592 0.666314 -0.088611
v -0.213705 0.690452 -0.070978
v -0.213574 0.690452 -0.070857
v -0.213848 0.690718 -0.070691
v -0.213848 0.666049 -0.070691
v -0.213574 0.666314 -0.070857
v -0.213705 0.666314 -0.070978
v -0.213926 0.690718 0.065246
v -0.213652 0.690452 0.065416
v -0.213783 0.690452 0.065535
v -0.213926 0.666049 0.065246
v -0.213783 0.666314 0.065535
v -0.213652 0.666314 0.065416
v -0.213879 0.676010 -0.080469
v -0.213879 0.676164 -0.081340
v -0.213879 0.676605 -0.082105
v -0.213879 0.677282 -0.082673
v -0.213879 0.678112 -0.082975
v -0.213879 0.678996 -0.082975
v -0.213879 0.679826 -0.082673
v -0.213879 0.680503 -0.082105
v -0.213879 0.680945 -0.081340
v -0.213879 0.681098 -0.080469
v -0.213879 0.680945 -0.079599
v -0.213879 0.680503 -0.078834
v -0.213879 0.679826 -0.078266
v -0.213879 0.678996 -0.077964
v -0.213879 0.678112 -0.077964
v -0.213879 0.677282 -0.078266
v -0.213879 0.676605 -0.078834
v -0.213879 0.676164 -0.079599
v -0.211893 0.678554 -0.080469
v -0.213010 0.676010 -0.080469
v -0.211893 0.677144 -0.080469
v -0.212221 0.676342 -0.080469
v -0.211893 0.677229 -0.080952
v -0.213010 0.676164 -0.081340
v -0.212221 0.676476 -0.081226
v -0.211893 0.677474 -0.081376
v -0.213010 0.676605 -0.082105
v -0.212221 0.676860 -0.081891
v -0.211893 0.677849 -0.081690
v -0.213010 0.677282 -0.082673
v -0.212221 0.677448 -0.082385
v -0.211893 0.678309 -0.081858
v -0.213010 0.678112 -0.082975
v -0.212221 0.678170 -0.082648
v -0.211893 0.678799 -0.081858
v -0.213010 0.678996 -0.082975
v -0.212221 0.678938 -0.082648
v -0.211893 0.679259 -0.081690
v -0.213010 0.679826 -0.082673
v -0.212221 0.679660 -0.082385
v -0.211893 0.679634 -0.081376
v -0.213010 0.680503 -0.082105
v -0.212221 0.680249 -0.081891
v -0.211893 0.679879 -0.080952
v -0.213010 0.680945 -0.081340
v -0.212221 0.680633 -0.081226
v -0.211893 0.679964 -0.080469
v -0.213010 0.681098 -0.080469
v -0.212221 0.680766 -0.080469
v -0.211893 0.679879 -0.079987
v -0.213010 0.680945 -0.079599
v -0.212221 0.680633 -0.079713
v -0.211893 0.679634 -0.079563
v -0.213010 0.680503 -0.078834
v -0.212221 0.680249 -0.079048
v -0.211893 0.679259 -0.079248
v -0.213010 0.679826 -0.078266
v -0.212221 0.679660 -0.078554
v -0.211893 0.678799 -0.079081
v -0.213010 0.678996 -0.077964
v -0.212221 0.678938 -0.078291
v -0.211893 0.678309 -0.079081
v -0.213010 0.678112 -0.077964
v -0.212221 0.678170 -0.078291
v -0.211893 0.677849 -0.079248
v -0.213010 0.677282 -0.078266
v -0.212221 0.677448 -0.078554
v -0.211893 0.677474 -0.079563
v -0.213010 0.676605 -0.078834
v -0.212221 0.676860 -0.079048
v -0.211893 0.677229 -0.079987
v -0.213010 0.676164 -0.079599
v -0.212221 0.676476 -0.079713
v -0.213879 0.676010 0.076548
v -0.213879 0.676164 0.077418
v -0.213879 0.676605 0.078184
v -0.213879 0.677282 0.078751
v -0.213879 0.678112 0.079054
v -0.213879 0.678996 0.079054
v -0.213879 0.679826 0.078751
v -0.213879 0.680503 0.078184
v -0.213879 0.680945 0.077418
v -0.213879 0.681098 0.076548
v -0.213879 0.680945 0.075678
v -0.213879 0.680503 0.074913
v -0.213879 0.679826 0.074345
v -0.213879 0.678996 0.074043
v -0.213879 0.678112 0.074043
v -0.213879 0.677282 0.074345
v -0.213879 0.676605 0.074913
v -0.213879 0.676164 0.075678
v -0.211893 0.678554 0.076548
v -0.213010 0.676010 0.076548
v -0.211893 0.677144 0.076548
v -0.212221 0.676342 0.076548
v -0.211893 0.677229 0.077030
v -0.213010 0.676164 0.077418
v -0.212221 0.676476 0.077305
v -0.211893 0.677474 0.077455
v -0.213010 0.676605 0.078184
v -0.212221 0.676860 0.077970
v -0.211893 0.677849 0.077769
v -0.213010 0.677282 0.078751
v -0.212221 0.677448 0.078464
v -0.211893 0.678309 0.077937
v -0.213010 0.678112 0.079054
v -0.212221 0.678170 0.078727
v -0.211893 0.678799 0.077937
v -0.213010 0.678996 0.079054
v -0.212221 0.678938 0.078727
v -0.211893 0.679259 0.077769
v -0.213010 0.679826 0.078751
v -0.212221 0.679660 0.078464
v -0.211893 0.679634 0.077455
v -0.213010 0.680503 0.078184
v -0.212221 0.680249 0.077970
v -0.211893 0.679879 0.077030
v -0.213010 0.680945 0.077418
v -0.212221 0.680633 0.077305
v -0.211893 0.679964 0.076548
v -0.213010 0.681098 0.076548
v -0.212221 0.680766 0.076548
v -0.211893 0.679879 0.076066
v -0.213010 0.680945 0.075678
v -0.212221 0.680633 0.075792
v -0.211893 0.679634 0.075642
v -0.213010 0.680503 0.074913
v -0.212221 0.680249 0.075126
v -0.211893 0.679259 0.075327
v -0.213010 0.679826 0.074345
v -0.212221 0.679660 0.074633
v -0.211893 0.678799 0.075160
v -0.213010 0.678996 0.074043
v -0.212221 0.678938 0.074370
v -0.211893 0.678309 0.075160
v -0.213010 0.678112 0.074043
v -0.212221 0.678170 0.074370
v -0.211893 0.677849 0.075327
v -0.213010 0.677282 0.074345
v -0.212221 0.677448 0.074633
v -0.211893 0.677474 0.075642
v -0.213010 0.676605 0.074913
v -0.212221 0.676860 0.075126
v -0.211893 0.677229 0.076066
v -0.213010 0.676164 0.075678
v -0.212221 0.676476 0.075792
vn -1.0000 -0.0008 0.0013
vn -1.0000 0.0008 0.0013
vn -1.0000 0.0009 -0.0012
vn -1.0000 -0.0008 -0.0012
vn -0.9993 0.0364 0.0037
vn -0.9993 0.0362 -0.0033
vn -0.9995 0.0330 0.0020
vn -0.9995 0.0326 -0.0024
vn -0.0037 0.0364 -0.9993
vn 0.0033 0.0362 -0.9993
vn -0.0020 0.0330 -0.9995
vn 0.0024 0.0326 -0.9995
vn 0.0037 0.0364 0.9993
vn -0.0033 0.0362 0.9993
vn 0.0020 0.0330 0.9995
vn -0.0024 0.0326 0.9995
vn -0.0012 -0.0008 -1.0000
vn -0.0012 0.0009 -1.0000
vn 0.0013 0.0009 -1.0000
vn 0.0013 -0.0008 -1.0000
vn 0.0009 1.0000 -0.0009
vn 0.0009 1.0000 0.0009
vn -0.0075 0.9999 -0.0075
vn -0.0075 0.9999 0.0079
vn 0.9993 0.0364 -0.0037
vn 0.9993 0.0362 0.0033
vn 0.9995 0.0330 -0.0020
vn 0.9995 0.0326 0.0024
vn 0.0013 -0.0008 1.0000
vn 0.0013 0.0009 1.0000
vn -0.0013 0.0009 1.0000
vn -0.0013 -0.0008 1.0000
vn 0.0193 0.9996 0.0187
vn 0.0187 0.9996 -0.0193
vn -0.0193 0.9996 -0.0187
vn -0.0187 0.9996 0.0193
vn 1.0000 -0.0008 -0.0013
vn 1.0000 0.0009 -0.0013
vn 1.0000 0.0009 0.0013
vn 1.0000 -0.0008 0.0013
vn -0.0009 1.0000 0.0009
vn -0.0009 1.0000 -0.0009
vn 0.0079 0.9999 0.0079
vn 0.0079 0.9999 -0.0075
vn -0.0012 -1.0000 -0.0013
vn -0.5003 -0.8659 -0.0011
vn -0.4178 -0.8067 -0.4179
vn -0.0011 -0.8659 -0.5003
vn -0.8659 -0.5003 -0.0011
vn -0.8067 -0.4178 -0.4179
vn -0.8659 -0.0007 -0.5003
vn -0.5003 -0.0007 -0.8659
vn -0.4178 -0.4179 -0.8067
vn -0.0011 -0.5003 -0.8659
vn -0.0093 0.5776 0.8163
vn 0.4151 0.7415 0.5271
vn 0.5025 0.0587 0.8626
vn -0.0115 0.8792 0.4763
vn 0.2500 0.9352 0.2508
vn 0.4763 0.8792 -0.0114
vn 0.8163 0.5776 -0.0093
vn 0.5273 0.7418 0.4142
vn 0.8541 0.0587 0.5168
vn 0.0013 -1.0000 -0.0012
vn 0.0011 -0.8659 -0.5003
vn 0.4178 -0.8067 -0.4179
vn 0.5003 -0.8659 -0.0011
vn 0.0011 -0.5003 -0.8659
vn 0.4178 -0.4178 -0.8067
vn 0.5067 -0.0006 -0.8621
vn 0.8621 -0.0006 -0.5067
vn 0.8067 -0.4179 -0.4179
vn 0.8659 -0.5003 -0.0011
vn -0.5168 0.0587 0.8541
vn -0.4118 0.7428 0.5279
vn -0.0015 0.5709 0.8210
vn -0.8541 0.0587 0.5168
vn -0.5276 0.7423 0.4131
vn -0.8163 0.5776 -0.0093
vn -0.4763 0.8792 -0.0115
vn -0.2508 0.9352 0.2500
vn 0.0115 0.8792 0.4763
vn -0.0012 -1.0000 0.0012
vn -0.0011 -0.8659 0.5003
vn -0.4179 -0.8067 0.4178
vn -0.5003 -0.8659 0.0011
vn -0.0011 -0.5003 0.8659
vn -0.4179 -0.4179 0.8067
vn -0.5067 -0.0006 0.8621
vn -0.8621 -0.0006 0.5067
vn -0.8067 -0.4179 0.4178
vn -0.8659 -0.5003 0.0011
vn 0.5169 0.0587 -0.8540
vn 0.4118 0.7428 -0.5278
vn 0.0015 0.5709 -0.8210
vn 0.8540 0.0587 -0.5169
vn 0.5276 0.7423 -0.4131
vn 0.8163 0.5776 0.0092
vn 0.4763 0.8792 0.0115
vn 0.2508 0.9352 -0.2500
vn -0.0115 0.8792 -0.4763
vn 0.0012 -1.0000 0.0013
vn 0.5003 -0.8659 0.0011
vn 0.4179 -0.8067 0.4178
vn 0.0011 -0.8659 0.5003
vn 0.8659 -0.5003 0.0011
vn 0.8067 -0.4179 0.4178
vn 0.8621 -0.0006 0.5067
vn 0.5067 -0.0006 0.8621
vn 0.4179 -0.4179 0.8067
vn 0.0011 -0.5003 0.8659
vn -0.8541 0.0587 -0.5169
vn -0.5278 0.7428 -0.4118
vn -0.8210 0.5710 -0.0016
vn -0.5169 0.0587 -0.8540
vn -0.4131 0.7423 -0.5276
vn 0.0092 0.5776 -0.8163
vn 0.0115 0.8792 -0.4763
vn -0.2500 0.9352 -0.2508
vn -0.4763 0.8792 0.0115
vn -0.8622 0.5066 -0.0010
vn -0.8067 0.4178 -0.4179
vn -0.8658 0.0007 -0.5003
vn -0.5066 0.8622 -0.0010
vn -0.4178 0.8067 -0.4179
vn -0.0010 0.8621 -0.5067
vn -0.0010 0.5066 -0.8622
vn -0.4178 0.4178 -0.8067
vn -0.5003 0.0007 -0.8659
vn 0.5130 0.8584 -0.0010
vn 0.4123 0.8125 -0.4123
vn 0.0011 0.8621 -0.5067
vn 0.8584 0.5131 -0.0010
vn 0.8124 0.4123 -0.4123
vn 0.8621 0.0007 -0.5067
vn 0.5067 0.0007 -0.8621
vn 0.4123 0.4123 -0.8125
vn 0.0011 0.5067 -0.8621
vn 0.0010 0.8584 0.5131
vn 0.4123 0.8125 0.4122
vn 0.5131 0.8584 0.0010
vn 0.0010 0.5130 0.8584
vn 0.4123 0.4123 0.8124
vn 0.5067 0.0007 0.8621
vn 0.8621 0.0007 0.5067
vn 0.8124 0.4123 0.4123
vn 0.8584 0.5131 0.0010
vn -0.5067 0.8621 0.0011
vn -0.4123 0.8124 0.4123
vn -0.0010 0.8584 0.5131
vn -0.8621 0.5067 0.0011
vn -0.8124 0.4123 0.4123
vn -0.8621 0.0007 0.5067
vn -0.5067 0.0007 0.8621
vn -0.4122 0.4122 0.8125
vn -0.0010 0.5130 0.8584
vn 0.5033 0.0292 0.8636
vn 0.4054 0.4721 0.7828
vn -0.0027 0.5530 0.8331
vn 0.8636 0.0292 0.5033
vn 0.7829 0.4713 0.4061
vn 0.8345 0.5511 -0.0028
vn 0.4522 0.8918 -0.0145
vn 0.3737 0.8474 0.3772
vn -0.0145 0.8918 0.4522
vn 0.0028 0.5511 0.8345
vn -0.4050 0.4724 0.7828
vn -0.5043 0.0292 0.8630
vn 0.0145 0.8918 0.4522
vn -0.3772 0.8474 0.3737
vn -0.4522 0.8918 -0.0145
vn -0.8345 0.5511 -0.0028
vn -0.7828 0.4731 0.4043
vn -0.8636 0.0292 0.5033
vn -0.8345 0.5511 0.0028
vn -0.7828 0.4724 -0.4050
vn -0.8630 0.0292 -0.5044
vn -0.4522 0.8918 0.0145
vn -0.3737 0.8474 -0.3772
vn 0.0145 0.8918 -0.4522
vn 0.0028 0.5511 -0.8345
vn -0.4043 0.4730 -0.7828
vn -0.5034 0.0292 -0.8636
vn -0.0028 0.5511 -0.8345
vn 0.4050 0.4724 -0.7828
vn 0.5044 0.0292 -0.8630
vn -0.0145 0.8918 -0.4522
vn 0.3772 0.8474 -0.3737
vn 0.4522 0.8918 0.0145
vn 0.8345 0.5511 0.0028
vn 0.7828 0.4730 -0.4044
vn 0.8636 0.0292 -0.5034
vn 0.0931 -0.9956 0.0116
vn 0.0939 -0.9956 -0.0000
vn -0.0962 -0.9954 -0.0000
vn -0.0954 -0.9954 -0.0119
vn 0.0931 -0.9956 -0.0116
vn -0.0955 -0.9954 0.0118
vn 0.0907 -0.9956 -0.0235
vn -0.0934 -0.9953 0.0241
vn 0.0244 -0.0054 0.9997
vn 0.0244 0.0054 0.9997
vn -0.0726 0.0055 0.9973
vn -0.0727 -0.0054 0.9973
vn 0.0863 -0.9956 -0.0357
vn -0.0894 -0.9953 0.0369
vn 0.0786 -0.9957 -0.0494
vn -0.0824 -0.9953 0.0518
vn 0.0655 -0.9958 -0.0645
vn -0.0698 -0.9952 0.0689
vn 0.0460 -0.9958 -0.0790
vn -0.0495 -0.9951 0.0853
vn 0.0245 0.0054 -0.9997
vn 0.0244 -0.0055 -0.9997
vn -0.0726 -0.0054 -0.9973
vn -0.0726 0.0054 -0.9973
vn 0.0224 -0.9958 -0.0888
vn -0.0239 -0.9951 0.0955
vn 0.0713 -0.9971 0.0272
vn 0.0079 -0.9953 0.0969
vn -0.0107 -0.9963 -0.0848
vn -0.0623 -0.9979 -0.0181
vn 0.0064 -0.9949 -0.1007
vn -0.0069 -0.9961 0.0884
vn 0.0489 -0.9958 0.0774
vn 0.0675 -0.9957 0.0628
vn -0.0716 -0.9952 -0.0668
vn -0.0524 -0.9951 -0.0834
vn 0.0729 -0.9969 -0.0281
vn -0.0635 -0.9978 0.0186
vn 0.0795 -0.9957 0.0481
vn -0.0831 -0.9953 -0.0503
vn 0.0976 0.9951 0.0154
vn 0.0729 0.9969 -0.0281
vn -0.0635 0.9978 0.0186
vn -0.0854 0.9963 0.0112
vn 0.0867 -0.9956 0.0351
vn -0.0896 -0.9953 -0.0361
vn 0.0908 -0.9956 0.0233
vn -0.0933 -0.9954 -0.0238
vn 0.2726 -0.0057 0.9621
vn 0.0786 -0.0057 0.9969
vn 0.0814 0.0057 0.9967
vn 0.2726 0.0057 0.9621
vn -1.0000 -0.0056 -0.0001
vn -1.0000 0.0056 -0.0003
vn -0.9923 0.0056 -0.1238
vn -0.9924 -0.0056 -0.1232
vn -0.9923 -0.0056 0.1241
vn -0.9924 0.0056 0.1232
vn -0.9678 -0.0056 0.2515
vn -0.9683 0.0056 0.2498
vn -1.0000 0.0057 0.0066
vn -1.0000 0.0057 0.0064
vn -1.0000 -0.0056 0.0064
vn -1.0000 -0.0056 0.0065
vn -0.9234 -0.0056 0.3839
vn -0.9244 0.0056 0.3813
vn -0.8467 -0.0057 0.5321
vn -0.8467 0.0057 0.5320
vn -0.7115 -0.0057 0.7027
vn -0.7115 0.0057 0.7027
vn -0.5017 -0.0057 0.8650
vn -0.5018 0.0057 0.8650
vn -0.2429 -0.0056 0.9700
vn -0.2429 0.0057 0.9700
vn -0.1273 -0.0061 -0.9918
vn -0.1273 0.0061 -0.9918
vn -0.1250 0.0070 -0.9921
vn -0.1250 -0.0069 -0.9921
vn -0.0801 -0.0059 0.9968
vn -0.0801 0.0059 0.9968
vn -0.7313 -0.0057 -0.6820
vn -0.7313 0.0057 -0.6820
vn -0.5318 0.0057 -0.8468
vn -0.5330 -0.0057 -0.8461
vn -0.0376 -0.0065 0.9993
vn -0.0376 0.0066 0.9993
vn -0.8556 -0.0056 -0.5176
vn -0.8556 0.0056 -0.5176
vn -0.9999 -0.0056 -0.0107
vn -0.9999 -0.0057 -0.0106
vn -0.9999 0.0057 -0.0107
vn -0.9264 -0.0056 -0.3765
vn -0.9273 0.0056 -0.3743
vn -0.9685 -0.0056 -0.2490
vn -0.9688 0.0056 -0.2477
vn -0.2735 0.0057 -0.9618
vn -0.2735 -0.0057 -0.9618
vn 0.0337 -0.0056 0.9994
vn 0.0337 0.0056 0.9994
vn 0.5340 -0.0057 0.8455
vn 0.5323 0.0057 0.8466
vn 0.7327 -0.0056 0.6806
vn 0.7326 0.0057 0.6806
vn 0.8563 -0.0056 0.5165
vn 0.8563 0.0057 0.5165
vn 0.9275 -0.0056 0.3737
vn 0.9265 0.0056 0.3763
vn 0.9689 -0.0056 0.2476
vn 0.9685 0.0057 0.2490
vn 0.9924 -0.0057 0.1231
vn 0.9923 0.0057 0.1237
vn 1.0000 -0.0056 0.0003
vn 1.0000 0.0056 0.0001
vn 0.9924 -0.0056 -0.1231
vn 0.9923 0.0056 -0.1241
vn 0.9683 -0.0056 -0.2496
vn 0.9679 0.0057 -0.2514
vn 0.9247 -0.0056 -0.3806
vn 0.9235 0.0056 -0.3836
vn 0.8475 -0.0056 -0.5307
vn 0.8475 0.0056 -0.5308
vn 0.7128 -0.0057 -0.7013
vn 0.7128 0.0057 -0.7013
vn 0.5024 -0.0057 -0.8646
vn 0.5020 0.0057 -0.8649
vn 0.2417 -0.0057 -0.9703
vn 0.2417 0.0057 -0.9703
vn 0.0631 -0.0057 -0.9980
vn 0.0606 0.0057 -0.9981
vn 0.0232 -0.0056 -0.9997
vn 0.0231 0.0056 -0.9997
vn 0.9998 -0.0053 0.0206
vn 0.9998 0.0053 0.0206
vn 0.9994 0.0053 0.0335
vn 0.9994 -0.0053 0.0335
vn 0.0079 0.9953 0.0969
vn 0.0748 0.9969 0.0238
vn -0.0623 0.9979 -0.0181
vn -0.0107 0.9963 -0.0847
vn 0.0675 0.9957 0.0628
vn 0.0489 0.9958 0.0774
vn -0.0525 0.9951 -0.0833
vn -0.0713 0.9952 -0.0670
vn 0.0796 0.9957 0.0480
vn -0.0829 0.9953 -0.0506
vn 0.0867 0.9956 0.0350
vn -0.0894 0.9953 -0.0364
vn 0.0908 0.9956 0.0232
vn -0.0933 0.9954 -0.0240
vn 0.0930 0.9956 0.0115
vn -0.0954 0.9954 -0.0119
vn 0.0938 0.9956 -0.0000
vn -0.0962 0.9954 -0.0000
vn 0.0931 0.9956 -0.0115
vn -0.0955 0.9954 0.0119
vn 0.0907 0.9956 -0.0234
vn -0.0933 0.9953 0.0242
vn 0.0863 0.9956 -0.0356
vn -0.0893 0.9953 0.0371
vn 0.0787 0.9957 -0.0492
vn -0.0822 0.9953 0.0521
vn 0.0655 0.9958 -0.0645
vn -0.0695 0.9952 0.0691
vn 0.0459 0.9958 -0.0790
vn -0.0494 0.9951 0.0852
vn 0.0221 0.9958 -0.0889
vn -0.0243 0.9951 0.0954
vn 0.0064 0.9949 -0.1007
vn -0.0070 0.9961 0.0883
vn 0.0971 -0.9952 -0.0153
vn -0.0832 -0.9965 -0.0116
vn 0.0972 0.9952 -0.0153
vn -0.0831 0.9965 -0.0115
vn 0.9998 0.0053 -0.0212
vn 0.9998 -0.0052 -0.0212
vn 0.9994 -0.0052 -0.0342
vn 0.9994 0.0053 -0.0341
vn 0.0977 -0.9951 0.0153
vn -0.0854 -0.9963 0.0112
vn 0.0249 0.9958 0.0880
vn -0.0273 0.9951 -0.0946
vn 0.0249 -0.9958 0.0880
vn -0.0273 -0.9951 -0.0946
vn -0.9719 -0.2212 0.0805
vn -0.9719 -0.1803 0.1513
vn -1.0000 -0.0000 -0.0000
vn -0.9719 0.2212 0.0805
vn -0.9719 0.2354 -0.0000
vn -0.9719 -0.1177 -0.2039
vn -0.9719 -0.1803 -0.1513
vn -0.9719 0.1803 0.1513
vn -0.9719 -0.0409 -0.2318
vn -0.9719 -0.2212 -0.0805
vn -0.9719 0.1177 0.2038
vn -0.9719 0.0409 -0.2318
vn -0.9719 0.0409 0.2318
vn -0.9719 0.1177 -0.2038
vn -0.9719 -0.0409 0.2318
vn -0.9719 0.1803 -0.1513
vn -0.9719 -0.1177 0.2038
vn -0.9719 0.2212 -0.0805
vn -0.9719 -0.2354 -0.0000
vn -0.0000 0.1736 0.9848
vn -0.0000 0.5000 0.8660
vn -0.1897 0.4909 0.8503
vn -0.1897 0.1705 0.9669
vn -0.0000 0.5000 -0.8660
vn -0.0000 0.1736 -0.9848
vn -0.1897 0.1705 -0.9669
vn -0.1897 0.4909 -0.8503
vn -0.0000 -0.1736 0.9848
vn -0.1896 -0.1705 0.9669
vn -0.0000 0.7660 -0.6428
vn -0.1897 0.7521 -0.6311
vn -0.0000 -0.5000 0.8660
vn -0.1897 -0.4909 0.8503
vn -0.0000 0.9397 -0.3420
vn -0.1897 0.9226 -0.3358
vn -0.0000 -0.9397 -0.3420
vn -0.0000 -1.0000 -0.0000
vn -0.1897 -0.9818 -0.0000
vn -0.1897 -0.9226 -0.3358
vn -0.0000 -0.7660 0.6428
vn -0.1897 -0.7521 0.6311
vn -0.0000 1.0000 -0.0000
vn -0.1897 0.9818 -0.0000
vn -0.0000 -0.7660 -0.6428
vn -0.1896 -0.7521 -0.6311
vn -0.0000 -0.9397 0.3420
vn -0.1897 -0.9226 0.3358
vn -0.0000 0.9397 0.3420
vn -0.1897 0.9226 0.3358
vn -0.0000 -0.5000 -0.8660
vn -0.1897 -0.4909 -0.8503
vn -0.0000 0.7660 0.6428
vn -0.1897 0.7521 0.6311
vn -0.0000 -0.1736 -0.9848
vn -0.1897 -0.1705 -0.9669
vn -0.6721 -0.7405 -0.0000
vn -0.6721 -0.6958 -0.2533
vn -0.6721 -0.5673 -0.4760
vn -0.6721 -0.3703 -0.6413
vn -0.6721 -0.1286 -0.7292
vn -0.6721 0.1286 -0.7292
vn -0.6721 0.3703 -0.6413
vn -0.6721 0.5673 -0.4760
vn -0.6721 0.6958 -0.2533
vn -0.6721 0.7405 -0.0000
vn -0.6721 0.6958 0.2533
vn -0.6721 0.5672 0.4760
vn -0.6721 0.3702 0.6413
vn -0.6721 0.1286 0.7293
vn -0.6721 -0.1286 0.7293
vn -0.6721 -0.3702 0.6413
vn -0.6721 -0.5673 0.4760
vn -0.6721 -0.6958 0.2533
vn -0.9719 -0.1177 -0.2038
vn -0.0000 0.1737 -0.9848
vn -0.1896 0.1705 0.9669
vn -0.0000 -0.1737 -0.9848
vn -0.1897 -0.7521 -0.6311
vn -0.1896 -0.9226 -0.3358
vn -0.1897 -0.1705 0.9669
vn -0.6721 -0.3703 0.6413
vn -0.6721 0.5673 0.4760
vn -0.6721 0.3702 -0.6413
vn -0.0930 -0.9956 0.0116
vn 0.0954 -0.9954 -0.0119
vn 0.0962 -0.9954 -0.0000
vn -0.0939 -0.9956 -0.0000
vn 0.0955 -0.9954 0.0119
vn -0.0931 -0.9956 -0.0116
vn 0.0933 -0.9953 0.0242
vn -0.0907 -0.9956 -0.0235
vn -0.0244 -0.0054 0.9997
vn 0.0726 -0.0054 0.9973
vn 0.0726 0.0054 0.9973
vn -0.0244 0.0054 0.9997
vn 0.0893 -0.9953 0.0371
vn -0.0863 -0.9956 -0.0356
vn 0.0822 -0.9952 0.0521
vn -0.0786 -0.9957 -0.0494
vn 0.0696 -0.9952 0.0692
vn -0.0656 -0.9958 -0.0645
vn 0.0495 -0.9951 0.0853
vn -0.0461 -0.9958 -0.0790
vn -0.0244 0.0055 -0.9997
vn 0.0725 0.0054 -0.9974
vn 0.0726 -0.0054 -0.9973
vn -0.0244 -0.0055 -0.9997
vn 0.0243 -0.9951 0.0954
vn -0.0224 -0.9958 -0.0888
vn -0.0748 -0.9969 0.0238
vn 0.0623 -0.9979 -0.0181
vn 0.0107 -0.9963 -0.0848
vn -0.0079 -0.9953 0.0970
vn 0.0070 -0.9961 0.0884
vn -0.0064 -0.9949 -0.1007
vn -0.0489 -0.9958 0.0774
vn 0.0524 -0.9951 -0.0834
vn 0.0713 -0.9952 -0.0670
vn -0.0675 -0.9957 0.0628
vn 0.0635 -0.9978 0.0186
vn -0.0729 -0.9969 -0.0281
vn 0.0830 -0.9953 -0.0506
vn -0.0795 -0.9957 0.0481
vn -0.0976 0.9951 0.0154
vn 0.0854 0.9963 0.0112
vn 0.0635 0.9978 0.0186
vn -0.0729 0.9969 -0.0281
vn 0.0895 -0.9953 -0.0364
vn -0.0867 -0.9956 0.0351
vn 0.0933 -0.9953 -0.0240
vn -0.0908 -0.9956 0.0233
vn -0.2726 -0.0057 0.9621
vn -0.2726 0.0057 0.9621
vn -0.0786 0.0057 0.9969
vn -0.0786 -0.0056 0.9969
vn 1.0000 -0.0056 -0.0000
vn 0.9923 -0.0056 -0.1238
vn 0.9923 0.0056 -0.1238
vn 1.0000 0.0056 -0.0001
vn 0.9923 -0.0056 0.1241
vn 0.9923 0.0056 0.1241
vn 0.9678 -0.0056 0.2515
vn 0.9678 0.0056 0.2515
vn 1.0000 0.0057 0.0065
vn 1.0000 -0.0056 0.0065
vn 1.0000 -0.0056 0.0064
vn 1.0000 0.0057 0.0064
vn 0.9234 -0.0056 0.3839
vn 0.9233 0.0056 0.3839
vn 0.8467 -0.0056 0.5321
vn 0.8467 0.0056 0.5320
vn 0.7115 -0.0056 0.7027
vn 0.7115 0.0057 0.7027
vn 0.5017 -0.0056 0.8650
vn 0.5017 0.0057 0.8650
vn 0.2429 -0.0056 0.9700
vn 0.2429 0.0057 0.9700
vn 0.1273 -0.0061 -0.9918
vn 0.1250 -0.0069 -0.9921
vn 0.1250 0.0070 -0.9921
vn 0.1273 0.0061 -0.9918
vn 0.0801 -0.0059 0.9968
vn 0.0801 0.0059 0.9968
vn 0.7313 -0.0057 -0.6820
vn 0.5318 -0.0057 -0.8468
vn 0.5318 0.0057 -0.8468
vn 0.7313 0.0057 -0.6820
vn 0.0377 -0.0066 0.9993
vn 0.0377 0.0066 0.9993
vn 0.8556 -0.0056 -0.5176
vn 0.8556 0.0056 -0.5176
vn 0.9999 -0.0056 -0.0108
vn 0.9999 0.0057 -0.0108
vn 0.9999 0.0057 -0.0106
vn 0.9999 -0.0056 -0.0106
vn 0.9264 -0.0055 -0.3765
vn 0.9264 0.0055 -0.3765
vn 0.9685 -0.0056 -0.2490
vn 0.9685 0.0056 -0.2490
vn 0.2735 -0.0057 -0.9618
vn 0.2735 0.0057 -0.9619
vn -0.0337 0.0057 0.9994
vn -0.0337 -0.0056 0.9994
vn -0.5323 -0.0056 0.8466
vn -0.5323 0.0057 0.8466
vn -0.7327 -0.0057 0.6806
vn -0.7327 0.0057 0.6806
vn -0.8563 -0.0057 0.5164
vn -0.8563 0.0057 0.5165
vn -0.9265 -0.0056 0.3763
vn -0.9265 0.0056 0.3763
vn -0.9685 -0.0057 0.2490
vn -0.9685 0.0057 0.2490
vn -0.9923 -0.0057 0.1237
vn -0.9923 0.0057 0.1237
vn -1.0000 -0.0056 0.0001
vn -1.0000 0.0056 0.0001
vn -0.9923 -0.0056 -0.1241
vn -0.9923 0.0057 -0.1241
vn -0.9679 -0.0056 -0.2514
vn -0.9679 0.0057 -0.2514
vn -0.9235 -0.0056 -0.3836
vn -0.9235 0.0056 -0.3836
vn -0.8475 -0.0056 -0.5307
vn -0.8475 0.0057 -0.5308
vn -0.7128 -0.0057 -0.7013
vn -0.7128 0.0057 -0.7013
vn -0.5020 -0.0057 -0.8649
vn -0.5020 0.0057 -0.8649
vn -0.2417 -0.0057 -0.9703
vn -0.2417 0.0057 -0.9703
vn -0.0606 -0.0057 -0.9981
vn -0.0606 0.0057 -0.9981
vn -0.0232 -0.0056 -0.9997
vn -0.0232 0.0056 -0.9997
vn -0.9998 -0.0053 0.0206
vn -0.9994 -0.0053 0.0335
vn -0.9994 0.0053 0.0335
vn -0.9998 0.0053 0.0206
vn -0.0079 0.9953 0.0969
vn 0.0108 0.9963 -0.0847
vn 0.0623 0.9979 -0.0181
vn -0.0748 0.9969 0.0238
vn -0.0675 0.9957 0.0628
vn 0.0713 0.9952 -0.0670
vn 0.0523 0.9951 -0.0834
vn -0.0489 0.9958 0.0774
vn -0.0795 0.9957 0.0481
vn 0.0830 0.9953 -0.0506
vn -0.0867 0.9956 0.0351
vn 0.0895 0.9953 -0.0364
vn -0.0908 0.9956 0.0233
vn 0.0933 0.9953 -0.0240
vn -0.0930 0.9956 0.0116
vn 0.0954 0.9954 -0.0119
vn -0.0939 0.9956 -0.0000
vn 0.0962 0.9954 -0.0000
vn -0.0931 0.9956 -0.0116
vn 0.0955 0.9954 0.0119
vn -0.0907 0.9956 -0.0235
vn 0.0933 0.9953 0.0243
vn -0.0863 0.9956 -0.0357
vn 0.0893 0.9953 0.0371
vn -0.0786 0.9957 -0.0493
vn 0.0822 0.9952 0.0522
vn -0.0655 0.9958 -0.0645
vn 0.0696 0.9952 0.0692
vn -0.0460 0.9958 -0.0790
vn 0.0495 0.9951 0.0853
vn -0.0224 0.9958 -0.0888
vn 0.0243 0.9951 0.0953
vn -0.0063 0.9949 -0.1007
vn 0.0069 0.9961 0.0884
vn -0.0972 -0.9952 -0.0153
vn 0.0832 -0.9965 -0.0115
vn 0.0831 0.9965 -0.0115
vn -0.0972 0.9951 -0.0152
vn -0.9998 0.0052 -0.0212
vn -0.9994 0.0052 -0.0341
vn -0.9994 -0.0052 -0.0341
vn -0.9998 -0.0052 -0.0212
vn 0.0854 -0.9963 0.0112
vn -0.0977 -0.9951 0.0153
vn -0.0252 0.9958 0.0880
vn 0.0273 0.9951 -0.0946
vn -0.0252 -0.9958 0.0880
vn 0.0272 -0.9951 -0.0946
vn 0.9719 -0.2212 0.0805
vn 1.0000 -0.0000 -0.0000
vn 0.9719 -0.1803 0.1513
vn 0.9719 0.2212 0.0805
vn 0.9719 0.2354 -0.0000
vn 0.9719 -0.1177 -0.2038
vn 0.9719 -0.1803 -0.1513
vn 0.9719 0.1803 0.1513
vn 0.9719 -0.0409 -0.2318
vn 0.9719 -0.2212 -0.0805
vn 0.9719 0.1177 0.2039
vn 0.9719 0.0409 -0.2318
vn 0.9719 0.0409 0.2318
vn 0.9719 0.1177 -0.2038
vn 0.9719 -0.0409 0.2318
vn 0.9719 0.1803 -0.1513
vn 0.9719 -0.1177 0.2038
vn 0.9719 0.2212 -0.0805
vn 0.9719 -0.2353 -0.0000
vn 0.1897 0.1705 0.9669
vn 0.1897 0.4909 0.8503
vn 0.1897 0.4909 -0.8503
vn 0.1898 0.1705 -0.9669
vn 0.1896 -0.1705 0.9669
vn 0.1896 0.7522 -0.6311
vn 0.1897 -0.4909 0.8503
vn 0.1897 0.9226 -0.3358
vn 0.1897 -0.9226 -0.3358
vn 0.1897 -0.9819 -0.0000
vn 0.1897 -0.7521 0.6311
vn 0.1897 0.9818 -0.0000
vn 0.1896 -0.7522 -0.6311
vn 0.1897 -0.9226 0.3358
vn 0.1897 0.9226 0.3358
vn 0.1897 -0.4909 -0.8503
vn 0.1897 0.7521 0.6311
vn 0.1897 -0.1705 -0.9669
vn 0.6721 -0.6958 -0.2533
vn 0.6721 -0.7405 -0.0000
vn 0.6721 -0.5673 -0.4760
vn 0.6721 -0.3703 -0.6413
vn 0.6721 -0.1286 -0.7292
vn 0.6721 0.1286 -0.7292
vn 0.6721 0.3703 -0.6413
vn 0.6721 0.5673 -0.4760
vn 0.6721 0.6958 -0.2533
vn 0.6721 0.7405 -0.0000
vn 0.6721 0.6958 0.2533
vn 0.6721 0.5673 0.4760
vn 0.6721 0.3702 0.6413
vn 0.6721 0.1286 0.7292
vn 0.6721 -0.1286 0.7293
vn 0.6721 -0.3703 0.6413
vn 0.6721 -0.5673 0.4760
vn 0.6721 -0.6958 0.2533
vn 0.9719 0.1177 0.2038
vn 0.9719 0.2211 0.0805
vn 0.9719 -0.2354 -0.0000
vn 0.1897 0.1705 -0.9669
vn 0.1896 0.1705 0.9669
vn 0.1898 -0.1705 -0.9669
vn 0.1897 -0.9818 -0.0000
vn 0.1897 -0.7521 -0.6311
vn 0.1897 0.7521 -0.6311
vn 0.1897 -0.1705 0.9669
vn 0.6720 -0.1286 0.7293
vn 0.6721 0.1286 0.7293
vn 0.6721 0.3702 -0.6413
vt 0.002689 0.388382
vt 0.002689 0.002699
vt 0.250938 0.002699
vt 0.250938 0.388382
vt 0.741223 0.744565
vt 0.510296 0.744565
vt 0.510296 0.392098
vt 0.741223 0.392098
vt 0.233971 0.744543
vt 0.003043 0.744543
vt 0.003042 0.392119
vt 0.233970 0.392119
vt 0.978236 0.744524
vt 0.747308 0.744524
vt 0.747308 0.392101
vt 0.978236 0.392101
vt 0.509908 0.388345
vt 0.509941 0.002709
vt 0.758191 0.002731
vt 0.758158 0.388367
vt 0.246732 0.993143
vt 0.246732 0.751624
vt 0.250097 0.748259
vt 0.250097 0.996508
vt 0.994728 0.354336
vt 0.763800 0.354362
vt 0.763761 0.001896
vt 0.994689 0.001870
vt 0.504532 0.392074
vt 0.504532 0.777709
vt 0.256282 0.777709
vt 0.256282 0.392074
vt 0.510295 0.749453
vt 0.741223 0.749453
vt 0.741223 0.980381
vt 0.510295 0.980381
vt 0.504565 0.001864
vt 0.504564 0.387547
vt 0.256315 0.387547
vt 0.256315 0.001864
vt 0.005213 0.751624
vt 0.005213 0.993143
vt 0.001847 0.996508
vt 0.001847 0.748259
vt 0.995204 0.997312
vt 0.996322 0.997312
vt 0.996274 0.998382
vt 0.995204 0.998430
vt 0.997144 0.997312
vt 0.996853 0.998382
vt 0.252056 0.388379
vt 0.252009 0.389447
vt 0.250938 0.389498
vt 0.252878 0.388372
vt 0.252588 0.389442
vt 0.509908 0.389458
vt 0.508837 0.389405
vt 0.508790 0.388340
vt 0.995204 0.999252
vt 0.996274 0.998961
vt 0.745625 0.745625
vt 0.745103 0.745584
vt 0.746008 0.744517
vt 0.243119 0.753883
vt 0.245049 0.752918
vt 0.244528 0.753827
vt 0.243641 0.754274
vt 0.245438 0.753307
vt 0.244473 0.755237
vt 0.244082 0.754714
vt 0.996027 0.354332
vt 0.996933 0.355396
vt 0.996411 0.355434
vt 0.243691 0.755620
vt 0.242736 0.754665
vt 0.746954 0.997312
vt 0.746954 0.998430
vt 0.745883 0.998382
vt 0.745836 0.997312
vt 0.746954 0.999252
vt 0.745883 0.998961
vt 0.759276 0.388362
vt 0.759229 0.389427
vt 0.758158 0.389480
vt 0.506505 0.001874
vt 0.505683 0.001866
vt 0.505635 0.000799
vt 0.506214 0.000804
vt 0.504565 0.000748
vt 0.745014 0.997312
vt 0.745305 0.998382
vt 0.979535 0.744517
vt 0.980441 0.745584
vt 0.979919 0.745625
vt 0.009209 0.754665
vt 0.008254 0.755620
vt 0.007863 0.754714
vt 0.008303 0.754274
vt 0.508613 0.745663
vt 0.508090 0.745625
vt 0.508996 0.744561
vt 0.007472 0.755237
vt 0.006507 0.753307
vt 0.007416 0.753827
vt 0.006896 0.752918
vt 0.008826 0.753883
vt 0.995204 0.749062
vt 0.995204 0.747944
vt 0.996275 0.747991
vt 0.996322 0.749062
vt 0.995204 0.747122
vt 0.996275 0.747413
vt 0.255164 0.392079
vt 0.255211 0.391014
vt 0.256282 0.390961
vt 0.000748 0.388372
vt 0.001570 0.388379
vt 0.001618 0.389447
vt 0.001039 0.389442
vt 0.002689 0.389498
vt 0.997144 0.749062
vt 0.996853 0.747991
vt 0.235271 0.744536
vt 0.236176 0.745603
vt 0.235654 0.745644
vt 0.242736 0.990102
vt 0.243691 0.989147
vt 0.244081 0.990053
vt 0.243641 0.990493
vt 0.762117 0.355460
vt 0.761595 0.355422
vt 0.762501 0.354358
vt 0.244473 0.989530
vt 0.245438 0.991460
vt 0.244528 0.990940
vt 0.245049 0.991849
vt 0.243119 0.990884
vt 0.746954 0.749062
vt 0.745836 0.749062
vt 0.745883 0.747991
vt 0.746954 0.747944
vt 0.745014 0.749062
vt 0.745305 0.747991
vt 0.255197 0.001866
vt 0.255244 0.000799
vt 0.256315 0.000748
vt 0.254375 0.001874
vt 0.254666 0.000804
vt 0.504532 0.390961
vt 0.505602 0.391014
vt 0.505650 0.392079
vt 0.746954 0.747122
vt 0.745883 0.747413
vt 0.742523 0.744561
vt 0.743429 0.745625
vt 0.742906 0.745663
vt 0.008254 0.989147
vt 0.009209 0.990102
vt 0.008303 0.990493
vt 0.007863 0.990053
vt 0.001360 0.745644
vt 0.000838 0.745603
vt 0.001744 0.744535
vt 0.008826 0.990884
vt 0.006896 0.991849
vt 0.007416 0.990940
vt 0.006507 0.991460
vt 0.007472 0.989530
vt 0.250938 0.001578
vt 0.252009 0.001623
vt 0.252056 0.002696
vt 0.250938 0.000748
vt 0.252009 0.001039
vt 0.250097 0.747141
vt 0.251168 0.747188
vt 0.251215 0.748259
vt 0.509942 0.000748
vt 0.509941 0.001585
vt 0.508871 0.001627
vt 0.508871 0.001038
vt 0.508823 0.002703
vt 0.508002 0.002688
vt 0.508292 0.001617
vt 0.000748 0.748259
vt 0.000783 0.747194
vt 0.001847 0.747160
vt 0.504564 0.389464
vt 0.504564 0.388649
vt 0.505629 0.388617
vt 0.505629 0.389216
vt 0.505663 0.387550
vt 0.760098 0.002710
vt 0.759290 0.002725
vt 0.759256 0.001656
vt 0.759849 0.001645
vt 0.758191 0.001626
vt 0.758191 0.000803
vt 0.759256 0.001052
vt 0.001847 0.997607
vt 0.000783 0.997573
vt 0.000748 0.996508
vt 0.504532 0.779637
vt 0.504532 0.778814
vt 0.505596 0.778784
vt 0.505596 0.779388
vt 0.505631 0.777715
vt 0.506438 0.777730
vt 0.506190 0.778795
vt 0.256315 0.388649
vt 0.255250 0.388617
vt 0.255216 0.387550
vt 0.256315 0.389464
vt 0.255250 0.389216
vt 0.251196 0.996508
vt 0.251162 0.997573
vt 0.250097 0.997607
vt 0.002689 0.000781
vt 0.002689 0.001597
vt 0.001624 0.001629
vt 0.001624 0.001030
vt 0.001589 0.002696
vt 0.254375 0.777730
vt 0.255183 0.777715
vt 0.255217 0.778784
vt 0.254624 0.778795
vt 0.256282 0.778814
vt 0.256282 0.779637
vt 0.255217 0.779388
vt 0.745986 0.392095
vt 0.746042 0.391018
vt 0.747308 0.390977
vt 0.745014 0.392077
vt 0.745358 0.391005
vt 0.994689 0.000748
vt 0.995955 0.000792
vt 0.996011 0.001866
vt 0.741223 0.982675
vt 0.741223 0.981703
vt 0.742489 0.981647
vt 0.742489 0.982332
vt 0.742545 0.980381
vt 0.743517 0.980381
vt 0.743174 0.981647
vt 0.978236 0.390977
vt 0.979502 0.391018
vt 0.979558 0.392095
vt 0.743517 0.749453
vt 0.742545 0.749453
vt 0.742489 0.748187
vt 0.743174 0.748187
vt 0.741223 0.748131
vt 0.741223 0.747159
vt 0.742489 0.747503
vt 0.508973 0.392095
vt 0.509029 0.391021
vt 0.510296 0.390977
vt 0.980530 0.392077
vt 0.980186 0.391005
vt 0.741223 0.390977
vt 0.742489 0.391021
vt 0.742545 0.392095
vt 0.510295 0.747159
vt 0.510295 0.748131
vt 0.509029 0.748187
vt 0.509029 0.747503
vt 0.508973 0.749453
vt 0.508002 0.749453
vt 0.508345 0.748187
vt 0.001720 0.392112
vt 0.001776 0.391035
vt 0.003042 0.390994
vt 0.000748 0.392095
vt 0.001092 0.391023
vt 0.233970 0.390994
vt 0.235236 0.391035
vt 0.235292 0.392112
vt 0.508002 0.980381
vt 0.508973 0.980381
vt 0.509029 0.981647
vt 0.508345 0.981647
vt 0.510295 0.981703
vt 0.510295 0.982675
vt 0.509029 0.982331
vt 0.762439 0.001892
vt 0.762495 0.000818
vt 0.763761 0.000774
vt 0.236264 0.392095
vt 0.235921 0.391023
vt 0.252878 0.002688
vt 0.760098 0.388347
vt 0.254408 0.387557
vt 0.000782 0.002688
vt 0.236226 0.744518
vt 0.996983 0.001857
vt 0.996983 0.354323
vt 0.508041 0.744552
vt 0.508002 0.392086
vt 0.743517 0.392086
vt 0.743478 0.744552
vt 0.349138 0.821691
vt 0.348721 0.828740
vt 0.347280 0.828740
vt 0.347708 0.821513
vt 0.349136 0.835739
vt 0.347706 0.835918
vt 0.350420 0.842420
vt 0.349025 0.842783
vt 0.498977 0.794438
vt 0.498977 0.781280
vt 0.500418 0.781279
vt 0.500418 0.794437
vt 0.352432 0.848519
vt 0.351102 0.849073
vt 0.355098 0.853781
vt 0.353881 0.854552
vt 0.358373 0.858003
vt 0.357352 0.859019
vt 0.362265 0.861063
vt 0.361543 0.862309
vt 0.793083 0.371720
vt 0.793083 0.384878
vt 0.791642 0.384877
vt 0.791642 0.371719
vt 0.366824 0.862911
vt 0.366469 0.864307
vt 0.376752 0.792514
vt 0.372089 0.792599
vt 0.372066 0.791159
vt 0.375129 0.790864
vt 0.372067 0.863504
vt 0.372072 0.864944
vt 0.362385 0.795350
vt 0.358490 0.798635
vt 0.357440 0.797648
vt 0.361619 0.794131
vt 0.376752 0.863540
vt 0.375179 0.864975
vt 0.355185 0.803102
vt 0.353955 0.802352
vt 0.345473 0.781133
vt 0.345783 0.792500
vt 0.344210 0.791064
vt 0.344032 0.781168
vt 0.352483 0.808596
vt 0.351148 0.808053
vt 0.350439 0.814885
vt 0.349043 0.814526
vt 0.237981 0.688541
vt 0.237981 0.683375
vt 0.251139 0.683341
vt 0.251139 0.688508
vt 0.237905 0.484298
vt 0.251064 0.484298
vt 0.251068 0.491534
vt 0.237909 0.491534
vt 0.237909 0.477110
vt 0.251068 0.477111
vt 0.237922 0.470236
vt 0.251081 0.470236
vt 0.477749 0.794438
vt 0.468212 0.794437
vt 0.468212 0.781277
vt 0.477749 0.781279
vt 0.237941 0.463936
vt 0.251101 0.463936
vt 0.237968 0.458445
vt 0.251127 0.458445
vt 0.238001 0.453965
vt 0.251160 0.453965
vt 0.251117 0.722569
vt 0.237960 0.722541
vt 0.237908 0.718336
vt 0.251065 0.718363
vt 0.251144 0.727513
vt 0.237986 0.727486
vt 0.391633 0.784198
vt 0.378475 0.784231
vt 0.378474 0.781317
vt 0.391631 0.781283
vt 0.251144 0.733136
vt 0.237986 0.733108
vt 0.391552 0.798876
vt 0.378394 0.798909
vt 0.378448 0.794716
vt 0.391605 0.794682
vt 0.251139 0.736093
vt 0.237981 0.736065
vt 0.237968 0.510724
vt 0.251127 0.510724
vt 0.251160 0.515439
vt 0.238001 0.515439
vt 0.466482 0.794438
vt 0.456745 0.794440
vt 0.456745 0.781280
vt 0.466482 0.781279
vt 0.237941 0.505012
vt 0.251101 0.505012
vt 0.237921 0.498529
vt 0.251081 0.498530
vt 0.378475 0.789812
vt 0.391633 0.789779
vt 0.237971 0.678719
vt 0.251129 0.678685
vt 0.237956 0.693040
vt 0.251113 0.693006
vt 0.237906 0.696921
vt 0.251063 0.696887
vt 0.251128 0.571799
vt 0.251160 0.576253
vt 0.238000 0.576253
vt 0.237969 0.571799
vt 0.251102 0.566316
vt 0.237943 0.566316
vt 0.251083 0.560037
vt 0.237923 0.560037
vt 0.251071 0.553241
vt 0.237911 0.553241
vt 0.251067 0.546201
vt 0.237907 0.546201
vt 0.251071 0.539211
vt 0.237911 0.539211
vt 0.251083 0.532539
vt 0.237924 0.532539
vt 0.251103 0.526450
vt 0.237943 0.526450
vt 0.251128 0.521199
vt 0.237969 0.521199
vt 0.251160 0.516989
vt 0.238000 0.516989
vt 0.237953 0.642596
vt 0.237906 0.638719
vt 0.251063 0.638746
vt 0.251111 0.642623
vt 0.237977 0.647136
vt 0.251135 0.647163
vt 0.237977 0.652360
vt 0.251135 0.652387
vt 0.237968 0.657039
vt 0.251126 0.657066
vt 0.443706 0.781277
vt 0.443702 0.794437
vt 0.432333 0.794437
vt 0.432337 0.781277
vt 0.341120 0.863441
vt 0.345783 0.863525
vt 0.344160 0.865175
vt 0.341097 0.864880
vt 0.327522 0.857404
vt 0.331417 0.860689
vt 0.330651 0.861909
vt 0.326472 0.858391
vt 0.324217 0.852937
vt 0.322987 0.853688
vt 0.321515 0.847443
vt 0.320179 0.847986
vt 0.319470 0.841154
vt 0.318075 0.841513
vt 0.318170 0.834348
vt 0.316740 0.834527
vt 0.317753 0.827300
vt 0.316312 0.827299
vt 0.318168 0.820300
vt 0.316738 0.820121
vt 0.319451 0.813619
vt 0.318056 0.813257
vt 0.321464 0.807520
vt 0.320133 0.806967
vt 0.324129 0.802258
vt 0.322913 0.801487
vt 0.327405 0.798036
vt 0.326384 0.797020
vt 0.331297 0.794976
vt 0.330574 0.793730
vt 0.335855 0.793128
vt 0.335500 0.791733
vt 0.341098 0.792535
vt 0.341104 0.791095
vt 0.376431 0.781133
vt 0.374990 0.781168
vt 0.345463 0.874906
vt 0.344021 0.874871
vt 0.393352 0.794437
vt 0.393349 0.781277
vt 0.404731 0.781277
vt 0.404735 0.794437
vt 0.376442 0.874906
vt 0.375000 0.874871
vt 0.335934 0.862719
vt 0.335536 0.864102
vt 0.366903 0.793321
vt 0.366504 0.791937
vt 0.498974 0.781134
vt 0.498904 0.781279
vt 0.432339 0.781133
vt 0.432265 0.781278
vt 0.793085 0.371574
vt 0.793155 0.371719
vt 0.404729 0.781133
vt 0.404803 0.781278
vt 0.251275 0.678679
vt 0.251130 0.678610
vt 0.393273 0.781278
vt 0.393349 0.781133
vt 0.251127 0.657142
vt 0.251272 0.657073
vt 0.237969 0.657115
vt 0.237825 0.657045
vt 0.456743 0.781135
vt 0.456669 0.781280
vt 0.456743 0.794584
vt 0.456669 0.794439
vt 0.468210 0.794582
vt 0.468136 0.794437
vt 0.468210 0.781133
vt 0.468136 0.781278
vt 0.252871 0.642186
vt 0.252778 0.642159
vt 0.252871 0.642011
vt 0.252871 0.643857
vt 0.252778 0.643710
vt 0.252871 0.643683
vt 0.252871 0.638666
vt 0.252871 0.638842
vt 0.252778 0.638815
vt 0.252871 0.640514
vt 0.252778 0.640365
vt 0.252871 0.640339
vt 0.237838 0.688563
vt 0.237838 0.683376
vt 0.237812 0.693080
vt 0.237762 0.696976
vt 0.251272 0.571838
vt 0.251304 0.576304
vt 0.251246 0.566344
vt 0.251227 0.560056
vt 0.251214 0.553250
vt 0.251211 0.546201
vt 0.251215 0.539202
vt 0.251227 0.532521
vt 0.251247 0.526421
vt 0.251272 0.521159
vt 0.251304 0.516936
vt 0.237810 0.642558
vt 0.237762 0.638666
vt 0.237834 0.647117
vt 0.237834 0.652360
vt 0.443701 0.794582
vt 0.432335 0.794582
vt 0.251285 0.683342
vt 0.251285 0.688528
vt 0.251259 0.693046
vt 0.251209 0.696941
vt 0.237855 0.576304
vt 0.237823 0.571838
vt 0.237798 0.566344
vt 0.237778 0.560055
vt 0.237766 0.553250
vt 0.237762 0.546201
vt 0.237766 0.539202
vt 0.237778 0.532520
vt 0.237798 0.526421
vt 0.237824 0.521159
vt 0.237855 0.516936
vt 0.251209 0.638694
vt 0.251257 0.642586
vt 0.251281 0.647145
vt 0.251281 0.652388
vt 0.443705 0.781133
vt 0.404733 0.794582
vt 0.393352 0.794582
vt 0.498904 0.794436
vt 0.793155 0.384876
vt 0.237972 0.678643
vt 0.237828 0.678713
vt 0.391776 0.784196
vt 0.391776 0.789758
vt 0.391749 0.794642
vt 0.391695 0.798821
vt 0.237857 0.515388
vt 0.237824 0.510685
vt 0.237797 0.504984
vt 0.237777 0.498511
vt 0.237765 0.491525
vt 0.237761 0.484298
vt 0.237765 0.477120
vt 0.237778 0.470255
vt 0.237797 0.463965
vt 0.237824 0.458485
vt 0.237857 0.454018
vt 0.251209 0.718416
vt 0.251261 0.722606
vt 0.251287 0.727532
vt 0.251287 0.733136
vt 0.251281 0.736242
vt 0.466639 0.781133
vt 0.378329 0.789792
vt 0.378329 0.784230
vt 0.378302 0.794677
vt 0.378248 0.798855
vt 0.251272 0.510686
vt 0.251305 0.515388
vt 0.251246 0.504984
vt 0.251226 0.498511
vt 0.251214 0.491525
vt 0.251210 0.484298
vt 0.251214 0.477120
vt 0.251226 0.470255
vt 0.251246 0.463965
vt 0.251272 0.458485
vt 0.251305 0.454018
vt 0.237814 0.722578
vt 0.237762 0.718388
vt 0.237840 0.727504
vt 0.237840 0.733108
vt 0.237834 0.736214
vt 0.466639 0.794582
vt 0.477906 0.781135
vt 0.477906 0.794583
vt 0.378475 0.781245
vt 0.391632 0.781211
vt 0.378327 0.781168
vt 0.391774 0.781133
vt 0.251140 0.736164
vt 0.237982 0.736137
vt 0.500416 0.781133
vt 0.500416 0.794580
vt 0.498974 0.794581
vt 0.791643 0.371573
vt 0.793085 0.385021
vt 0.791643 0.385020
vt 0.238949 0.738175
vt 0.239212 0.738221
vt 0.238949 0.738943
vt 0.239443 0.739532
vt 0.239212 0.739666
vt 0.238192 0.738810
vt 0.238283 0.738559
vt 0.239615 0.739328
vt 0.238192 0.739077
vt 0.238455 0.738355
vt 0.239706 0.739077
vt 0.238283 0.739328
vt 0.239706 0.738810
vt 0.238455 0.739532
vt 0.239615 0.738559
vt 0.238686 0.739666
vt 0.239443 0.738355
vt 0.238949 0.739712
vt 0.238686 0.738221
vt 0.762499 0.369246
vt 0.762499 0.369702
vt 0.762025 0.369702
vt 0.762025 0.369246
vt 0.239207 0.742022
vt 0.239207 0.742478
vt 0.238733 0.742478
vt 0.238733 0.742022
vt 0.762499 0.368765
vt 0.762025 0.368765
vt 0.239207 0.741648
vt 0.238733 0.741648
vt 0.762499 0.368315
vt 0.762025 0.368315
vt 0.766397 0.361809
vt 0.766397 0.361392
vt 0.766871 0.361392
vt 0.766871 0.361809
vt 0.766397 0.369318
vt 0.766397 0.368843
vt 0.766871 0.368843
vt 0.766871 0.369318
vt 0.762499 0.367952
vt 0.762025 0.367952
vt 0.766397 0.362284
vt 0.766871 0.362284
vt 0.766397 0.369735
vt 0.766871 0.369735
vt 0.766397 0.368369
vt 0.766397 0.367952
vt 0.766871 0.367952
vt 0.766871 0.368369
vt 0.766397 0.362758
vt 0.766871 0.362758
vt 0.239207 0.743409
vt 0.239207 0.743772
vt 0.238733 0.743772
vt 0.238733 0.743409
vt 0.766397 0.363175
vt 0.766871 0.363175
vt 0.239207 0.742959
vt 0.238733 0.742959
vt 0.762499 0.370077
vt 0.762025 0.370077
vt 0.767301 0.368843
vt 0.767301 0.369256
vt 0.238174 0.738021
vt 0.238537 0.737812
vt 0.767301 0.369619
vt 0.237905 0.738342
vt 0.238303 0.743632
vt 0.238302 0.743316
vt 0.237762 0.738736
vt 0.238302 0.742925
vt 0.237762 0.739154
vt 0.238302 0.742506
vt 0.237905 0.739548
vt 0.238302 0.742110
vt 0.238174 0.739869
vt 0.238303 0.741784
vt 0.238537 0.740078
vt 0.767301 0.361508
vt 0.767301 0.361871
vt 0.238950 0.740151
vt 0.767301 0.362284
vt 0.239362 0.740078
vt 0.767301 0.362696
vt 0.239725 0.739869
vt 0.767301 0.363059
vt 0.239994 0.739548
vt 0.761595 0.369940
vt 0.761595 0.369614
vt 0.240137 0.739154
vt 0.761595 0.369218
vt 0.240137 0.738736
vt 0.761595 0.368799
vt 0.239994 0.738342
vt 0.761595 0.368409
vt 0.239725 0.738021
vt 0.761595 0.368093
vt 0.239362 0.737812
vt 0.767301 0.368068
vt 0.767301 0.368431
vt 0.238950 0.737739
vt 0.243084 0.739669
vt 0.242822 0.738947
vt 0.243316 0.739536
vt 0.243084 0.738224
vt 0.242822 0.738178
vt 0.242156 0.739331
vt 0.242327 0.739536
vt 0.243316 0.738358
vt 0.242065 0.739080
vt 0.242559 0.739669
vt 0.243487 0.738562
vt 0.242065 0.738813
vt 0.243579 0.738813
vt 0.242156 0.738562
vt 0.243579 0.739080
vt 0.242327 0.738358
vt 0.243487 0.739331
vt 0.242559 0.738224
vt 0.242822 0.739715
vt 0.250849 0.742942
vt 0.251322 0.742942
vt 0.251322 0.743398
vt 0.250849 0.743398
vt 0.247881 0.743398
vt 0.247407 0.743398
vt 0.247407 0.742942
vt 0.247881 0.742942
vt 0.250849 0.742461
vt 0.251322 0.742461
vt 0.247881 0.743772
vt 0.247407 0.743772
vt 0.250849 0.742011
vt 0.251322 0.742011
vt 0.763996 0.369659
vt 0.764470 0.369659
vt 0.764470 0.370077
vt 0.763996 0.370077
vt 0.761595 0.360995
vt 0.762069 0.360995
vt 0.762069 0.361470
vt 0.761595 0.361470
vt 0.250849 0.741648
vt 0.251322 0.741648
vt 0.763996 0.369185
vt 0.764470 0.369185
vt 0.761595 0.360578
vt 0.762069 0.360578
vt 0.761595 0.361944
vt 0.762069 0.361944
vt 0.762069 0.362361
vt 0.761595 0.362361
vt 0.763996 0.368711
vt 0.764470 0.368711
vt 0.247881 0.742011
vt 0.247407 0.742011
vt 0.247407 0.741648
vt 0.247881 0.741648
vt 0.763996 0.368294
vt 0.764470 0.368294
vt 0.247881 0.742461
vt 0.247407 0.742461
vt 0.251322 0.743773
vt 0.250849 0.743773
vt 0.762499 0.361057
vt 0.762499 0.361470
vt 0.242409 0.740078
vt 0.242822 0.740151
vt 0.762499 0.360695
vt 0.242046 0.739869
vt 0.246977 0.742104
vt 0.246977 0.741789
vt 0.241777 0.739548
vt 0.246977 0.742495
vt 0.241634 0.739154
vt 0.246977 0.742914
vt 0.241634 0.738736
vt 0.246977 0.743310
vt 0.241777 0.738342
vt 0.246977 0.743636
vt 0.242046 0.738021
vt 0.764900 0.369598
vt 0.764900 0.369960
vt 0.242409 0.737812
vt 0.764900 0.369185
vt 0.242822 0.737739
vt 0.764900 0.368773
vt 0.243234 0.737812
vt 0.764900 0.368410
vt 0.243597 0.738021
vt 0.251753 0.743310
vt 0.251753 0.743636
vt 0.243866 0.738342
vt 0.251753 0.742914
vt 0.244009 0.738736
vt 0.251753 0.742495
vt 0.244009 0.739154
vt 0.251753 0.742105
vt 0.243866 0.739548
vt 0.251753 0.741789
vt 0.243597 0.739869
vt 0.762499 0.361882
vt 0.762499 0.362245
vt 0.243234 0.740078
vt 0.256233 0.834348
vt 0.254803 0.834527
vt 0.254375 0.827299
vt 0.255816 0.827300
vt 0.254801 0.820121
vt 0.256231 0.820300
vt 0.256120 0.813257
vt 0.257515 0.813619
vt 0.503356 0.794438
vt 0.501915 0.794437
vt 0.501915 0.781279
vt 0.503356 0.781280
vt 0.258196 0.806967
vt 0.259527 0.807520
vt 0.260976 0.801487
vt 0.262193 0.802258
vt 0.264447 0.797020
vt 0.265468 0.798036
vt 0.268638 0.793730
vt 0.269360 0.794976
vt 0.504997 0.781280
vt 0.506438 0.781279
vt 0.506438 0.794437
vt 0.504997 0.794438
vt 0.273563 0.791733
vt 0.273919 0.793128
vt 0.283847 0.863525
vt 0.282223 0.865175
vt 0.279161 0.864880
vt 0.279184 0.863441
vt 0.279167 0.791095
vt 0.279162 0.792535
vt 0.269480 0.860689
vt 0.268714 0.861909
vt 0.264535 0.858391
vt 0.265585 0.857404
vt 0.282274 0.791064
vt 0.283847 0.792500
vt 0.261050 0.853688
vt 0.262280 0.852937
vt 0.314505 0.874906
vt 0.313063 0.874871
vt 0.313242 0.864975
vt 0.314815 0.863540
vt 0.258243 0.847986
vt 0.259578 0.847443
vt 0.256138 0.841513
vt 0.257534 0.841154
vt 0.237981 0.706907
vt 0.251139 0.706941
vt 0.251139 0.712107
vt 0.237981 0.712074
vt 0.237905 0.422137
vt 0.237909 0.414900
vt 0.251068 0.414900
vt 0.251064 0.422136
vt 0.237909 0.429324
vt 0.251068 0.429324
vt 0.237922 0.436198
vt 0.251081 0.436198
vt 0.489016 0.781279
vt 0.489016 0.794438
vt 0.479478 0.794439
vt 0.479478 0.781280
vt 0.237942 0.442498
vt 0.251101 0.442498
vt 0.237969 0.447989
vt 0.251128 0.447989
vt 0.238002 0.452468
vt 0.251161 0.452468
vt 0.774950 0.385247
vt 0.774898 0.389452
vt 0.761741 0.389480
vt 0.761793 0.385275
vt 0.774977 0.380302
vt 0.761819 0.380330
vt 0.790001 0.386288
vt 0.790000 0.389202
vt 0.776842 0.389169
vt 0.776844 0.386254
vt 0.774977 0.374680
vt 0.761819 0.374707
vt 0.789920 0.371607
vt 0.789974 0.375802
vt 0.776816 0.375768
vt 0.776762 0.371573
vt 0.774972 0.371723
vt 0.761814 0.371751
vt 0.237969 0.395710
vt 0.238002 0.390995
vt 0.251161 0.390994
vt 0.251128 0.395710
vt 0.455015 0.781279
vt 0.455015 0.794438
vt 0.445278 0.794437
vt 0.445278 0.781277
vt 0.237942 0.401422
vt 0.251101 0.401422
vt 0.237922 0.407905
vt 0.251081 0.407905
vt 0.790001 0.380706
vt 0.776844 0.380672
vt 0.251129 0.716763
vt 0.237971 0.716730
vt 0.237956 0.702409
vt 0.251113 0.702442
vt 0.237906 0.698527
vt 0.251063 0.698561
vt 0.251127 0.582306
vt 0.237968 0.582307
vt 0.237999 0.577853
vt 0.251159 0.577852
vt 0.251102 0.587789
vt 0.237943 0.587790
vt 0.251083 0.594069
vt 0.237923 0.594069
vt 0.251070 0.600865
vt 0.237911 0.600865
vt 0.251067 0.607905
vt 0.237907 0.607905
vt 0.251071 0.614895
vt 0.237911 0.614895
vt 0.251083 0.621567
vt 0.237924 0.621567
vt 0.251102 0.627656
vt 0.237943 0.627656
vt 0.251127 0.632907
vt 0.237968 0.632907
vt 0.251159 0.637116
vt 0.237999 0.637117
vt 0.237953 0.673184
vt 0.251111 0.673157
vt 0.251063 0.677032
vt 0.237906 0.677059
vt 0.237977 0.668645
vt 0.251135 0.668618
vt 0.237977 0.663421
vt 0.251135 0.663393
vt 0.237968 0.658742
vt 0.251126 0.658714
vt 0.419327 0.781277
vt 0.430696 0.781277
vt 0.430699 0.794437
vt 0.419330 0.794437
vt 0.310152 0.792599
vt 0.310129 0.791159
vt 0.313192 0.790864
vt 0.314815 0.792514
vt 0.296553 0.798635
vt 0.295504 0.797648
vt 0.299683 0.794131
vt 0.300449 0.795350
vt 0.293249 0.803102
vt 0.292019 0.802352
vt 0.290546 0.808596
vt 0.289211 0.808053
vt 0.288502 0.814885
vt 0.287106 0.814526
vt 0.287202 0.821691
vt 0.285772 0.821513
vt 0.286785 0.828740
vt 0.285343 0.828740
vt 0.287199 0.835739
vt 0.285769 0.835918
vt 0.288483 0.842420
vt 0.287088 0.842783
vt 0.290495 0.848519
vt 0.289165 0.849073
vt 0.293161 0.853781
vt 0.291944 0.854552
vt 0.296437 0.858003
vt 0.295416 0.859019
vt 0.300328 0.861063
vt 0.299606 0.862309
vt 0.304887 0.862911
vt 0.304532 0.864307
vt 0.310130 0.863504
vt 0.310136 0.864944
vt 0.283526 0.874906
vt 0.282085 0.874871
vt 0.313053 0.781168
vt 0.314495 0.781133
vt 0.417751 0.794437
vt 0.406369 0.794437
vt 0.406372 0.781277
vt 0.417755 0.781277
vt 0.282095 0.781168
vt 0.283537 0.781133
vt 0.304966 0.793321
vt 0.304567 0.791937
vt 0.273997 0.862719
vt 0.273599 0.864102
vt 0.503358 0.781134
vt 0.503428 0.781279
vt 0.430694 0.781133
vt 0.430768 0.781278
vt 0.504995 0.781134
vt 0.504925 0.781279
vt 0.406374 0.781133
vt 0.406300 0.781278
vt 0.251275 0.716770
vt 0.251130 0.716839
vt 0.417754 0.781133
vt 0.417830 0.781278
vt 0.251127 0.658639
vt 0.251272 0.658708
vt 0.237825 0.658736
vt 0.237969 0.658666
vt 0.445276 0.794582
vt 0.445202 0.794437
vt 0.445276 0.781133
vt 0.445202 0.781278
vt 0.479476 0.781135
vt 0.479403 0.781279
vt 0.479476 0.794583
vt 0.479403 0.794439
vt 0.252778 0.650518
vt 0.252826 0.650350
vt 0.252875 0.650518
vt 0.252826 0.648686
vt 0.252875 0.648853
vt 0.252778 0.648853
vt 0.252826 0.647020
vt 0.252874 0.647189
vt 0.252778 0.647189
vt 0.252826 0.645354
vt 0.252874 0.645523
vt 0.252778 0.645523
vt 0.237838 0.706886
vt 0.237838 0.712072
vt 0.237812 0.702368
vt 0.237762 0.698473
vt 0.251271 0.582268
vt 0.251303 0.577801
vt 0.251246 0.587761
vt 0.251227 0.594051
vt 0.251214 0.600856
vt 0.251211 0.607905
vt 0.251215 0.614904
vt 0.251227 0.621585
vt 0.251246 0.627685
vt 0.251272 0.632947
vt 0.251303 0.637169
vt 0.237810 0.673222
vt 0.237762 0.677113
vt 0.237834 0.668664
vt 0.237834 0.663421
vt 0.430697 0.794582
vt 0.419331 0.794582
vt 0.251285 0.706920
vt 0.251285 0.712107
vt 0.251259 0.702403
vt 0.251209 0.698507
vt 0.237823 0.582268
vt 0.237854 0.577801
vt 0.237797 0.587762
vt 0.237778 0.594051
vt 0.237766 0.600856
vt 0.237762 0.607905
vt 0.237766 0.614904
vt 0.237778 0.621586
vt 0.237797 0.627685
vt 0.237823 0.632947
vt 0.237854 0.637169
vt 0.251257 0.673194
vt 0.251209 0.677085
vt 0.251281 0.668636
vt 0.251281 0.663393
vt 0.419328 0.781133
vt 0.417751 0.794582
vt 0.406370 0.794582
vt 0.503428 0.794436
vt 0.504925 0.794436
vt 0.237972 0.716805
vt 0.237828 0.716735
vt 0.790145 0.380727
vt 0.790145 0.386289
vt 0.790117 0.375842
vt 0.790064 0.371661
vt 0.237825 0.395749
vt 0.237858 0.391046
vt 0.237798 0.401450
vt 0.237778 0.407923
vt 0.237765 0.414909
vt 0.237761 0.422137
vt 0.237765 0.429315
vt 0.237778 0.436180
vt 0.237798 0.442469
vt 0.237825 0.447949
vt 0.237858 0.452416
vt 0.775094 0.385209
vt 0.775042 0.389399
vt 0.775120 0.380284
vt 0.775120 0.374680
vt 0.775114 0.371573
vt 0.455172 0.794584
vt 0.776698 0.380693
vt 0.776698 0.386255
vt 0.776670 0.375807
vt 0.776617 0.371627
vt 0.251273 0.395748
vt 0.251306 0.391045
vt 0.251246 0.401450
vt 0.251226 0.407923
vt 0.251214 0.414909
vt 0.251210 0.422136
vt 0.251214 0.429315
vt 0.251226 0.436179
vt 0.251246 0.442469
vt 0.251273 0.447949
vt 0.251306 0.452416
vt 0.761647 0.385237
vt 0.761595 0.389427
vt 0.761673 0.380312
vt 0.761673 0.374708
vt 0.761667 0.371602
vt 0.455172 0.781135
vt 0.489172 0.794582
vt 0.489172 0.781133
vt 0.790001 0.389274
vt 0.776843 0.389240
vt 0.776695 0.389318
vt 0.790142 0.389352
vt 0.774973 0.371652
vt 0.761815 0.371679
vt 0.501917 0.781133
vt 0.503358 0.794581
vt 0.501917 0.794580
vt 0.506437 0.781133
vt 0.504995 0.794581
vt 0.506437 0.794580
vt 0.247452 0.738812
vt 0.246695 0.738945
vt 0.247361 0.738561
vt 0.246030 0.738561
vt 0.245938 0.738812
vt 0.246958 0.739668
vt 0.247189 0.739534
vt 0.246201 0.738356
vt 0.246695 0.739714
vt 0.247361 0.739330
vt 0.246432 0.738223
vt 0.246432 0.739668
vt 0.246695 0.738177
vt 0.246201 0.739534
vt 0.246958 0.738223
vt 0.246030 0.739330
vt 0.247189 0.738356
vt 0.245938 0.739079
vt 0.247452 0.739079
vt 0.761595 0.365625
vt 0.762069 0.365625
vt 0.762069 0.366081
vt 0.761595 0.366081
vt 0.244009 0.743398
vt 0.243535 0.743398
vt 0.243535 0.742942
vt 0.244009 0.742942
vt 0.761595 0.365143
vt 0.762069 0.365143
vt 0.244009 0.743772
vt 0.243535 0.743772
vt 0.761595 0.364694
vt 0.762069 0.364694
vt 0.766397 0.366038
vt 0.766871 0.366038
vt 0.766871 0.366455
vt 0.766397 0.366455
vt 0.763996 0.357715
vt 0.764470 0.357715
vt 0.764470 0.358190
vt 0.763996 0.358190
vt 0.761595 0.364330
vt 0.762069 0.364330
vt 0.766397 0.365564
vt 0.766871 0.365564
vt 0.763996 0.357298
vt 0.764470 0.357298
vt 0.763996 0.358664
vt 0.764470 0.358664
vt 0.764470 0.359081
vt 0.763996 0.359081
vt 0.766397 0.365089
vt 0.766871 0.365089
vt 0.244009 0.742011
vt 0.243535 0.742011
vt 0.243535 0.741648
vt 0.244009 0.741648
vt 0.766397 0.364672
vt 0.766871 0.364672
vt 0.244009 0.742461
vt 0.243535 0.742461
vt 0.762069 0.366455
vt 0.761595 0.366455
vt 0.764900 0.357777
vt 0.764900 0.358190
vt 0.247738 0.739548
vt 0.247881 0.739154
vt 0.764900 0.357415
vt 0.247469 0.739869
vt 0.243105 0.742104
vt 0.243105 0.741788
vt 0.247106 0.740078
vt 0.243105 0.742495
vt 0.246694 0.740151
vt 0.243105 0.742914
vt 0.246281 0.740078
vt 0.243105 0.743310
vt 0.245918 0.739869
vt 0.243105 0.743636
vt 0.245649 0.739548
vt 0.767301 0.365976
vt 0.767301 0.366339
vt 0.245506 0.739154
vt 0.767301 0.365564
vt 0.245506 0.738736
vt 0.767301 0.365151
vt 0.245649 0.738342
vt 0.767301 0.364788
vt 0.245918 0.738021
vt 0.762499 0.365993
vt 0.762499 0.366319
vt 0.246281 0.737812
vt 0.762499 0.365597
vt 0.246694 0.737739
vt 0.762499 0.365178
vt 0.247106 0.737812
vt 0.762499 0.364787
vt 0.247469 0.738021
vt 0.762499 0.364471
vt 0.247738 0.738342
vt 0.764900 0.358602
vt 0.764900 0.358965
vt 0.247881 0.738736
vt 0.249898 0.738560
vt 0.250070 0.738356
vt 0.250564 0.738945
vt 0.251321 0.738811
vt 0.251321 0.739078
vt 0.250070 0.739534
vt 0.249898 0.739329
vt 0.251229 0.738560
vt 0.250301 0.739667
vt 0.249807 0.739078
vt 0.251058 0.738356
vt 0.250564 0.739713
vt 0.250827 0.738222
vt 0.250827 0.739667
vt 0.250564 0.738176
vt 0.251058 0.739534
vt 0.250301 0.738222
vt 0.251229 0.739329
vt 0.249807 0.738811
vt 0.241608 0.742942
vt 0.241608 0.743398
vt 0.241134 0.743398
vt 0.241134 0.742942
vt 0.761595 0.358707
vt 0.761595 0.358251
vt 0.762069 0.358251
vt 0.762069 0.358707
vt 0.241608 0.742461
vt 0.241134 0.742461
vt 0.761595 0.359081
vt 0.762069 0.359081
vt 0.241608 0.742011
vt 0.241134 0.742011
vt 0.763996 0.361468
vt 0.763996 0.361050
vt 0.764470 0.361050
vt 0.764470 0.361468
vt 0.763996 0.366038
vt 0.763996 0.365564
vt 0.764470 0.365564
vt 0.764470 0.366038
vt 0.241608 0.741648
vt 0.241134 0.741648
vt 0.763996 0.361942
vt 0.764470 0.361942
vt 0.763996 0.366455
vt 0.764470 0.366455
vt 0.763996 0.365089
vt 0.763996 0.364672
vt 0.764470 0.364672
vt 0.764470 0.365089
vt 0.763996 0.362416
vt 0.764470 0.362416
vt 0.761595 0.357320
vt 0.761595 0.356957
vt 0.762069 0.356957
vt 0.762069 0.357320
vt 0.763996 0.362834
vt 0.764470 0.362834
vt 0.761595 0.357770
vt 0.762069 0.357770
vt 0.241608 0.743772
vt 0.241134 0.743772
vt 0.764900 0.365564
vt 0.764900 0.365976
vt 0.249378 0.739154
vt 0.249378 0.738736
vt 0.764900 0.366339
vt 0.249521 0.739548
vt 0.762499 0.357098
vt 0.762499 0.357413
vt 0.249790 0.739869
vt 0.762499 0.357804
vt 0.250153 0.740078
vt 0.762499 0.358223
vt 0.250565 0.740151
vt 0.762499 0.358619
vt 0.250978 0.740078
vt 0.762499 0.358945
vt 0.251341 0.739869
vt 0.764900 0.361167
vt 0.764900 0.361530
vt 0.251610 0.739548
vt 0.764900 0.361942
vt 0.251753 0.739154
vt 0.764900 0.362355
vt 0.251753 0.738736
vt 0.764900 0.362717
vt 0.251610 0.738342
vt 0.240704 0.743636
vt 0.240704 0.743310
vt 0.251341 0.738021
vt 0.240704 0.742914
vt 0.250978 0.737812
vt 0.240704 0.742495
vt 0.250565 0.737739
vt 0.240704 0.742104
vt 0.250153 0.737812
vt 0.240704 0.741788
vt 0.249790 0.738021
vt 0.764900 0.364788
vt 0.764900 0.365151
vt 0.249521 0.738342
s 1
usemtl urnabase2
f 51/1/1 134/2/2 97/3/3 2/4/4
f 85/5/5 38/6/6 159/7/7 169/8/8
f 61/9/9 86/10/10 171/11/11 181/12/12
f 37/13/13 13/14/14 145/15/15 157/16/16
f 3/17/17 99/18/18 111/19/19 26/20/20
f 63/21/21 14/22/22 98/23/23 133/24/24
f 15/25/25 62/26/26 183/27/27 146/28/28
f 75/29/29 122/30/30 135/31/31 50/32/32
f 170/33/33 158/34/34 147/35/35 182/36/36
f 27/37/37 110/38/38 123/39/39 74/40/40
f 39/41/41 87/42/42 121/43/43 109/44/44
f 87/42/42 63/21/21 133/24/24 121/43/43
f 14/22/22 39/41/41 109/44/44 98/23/23
f 1/45/45 4/46/46 6/47/47 5/48/48
f 4/46/46 8/49/49 9/50/50 6/47/47
f 2/4/4 7/51/51 9/52/50 8/53/49
f 7/51/51 11/54/52 12/55/53 9/52/50
f 3/17/17 10/56/54 12/57/53 11/58/52
f 10/59/54 5/48/48 6/47/47 12/60/53
f 6/47/47 9/50/50 12/60/53
f 13/14/14 16/61/55 18/62/56 17/63/57
f 16/64/55 20/65/58 21/66/59 18/67/56
f 14/22/22 19/68/60 21/66/59 20/65/58
f 19/68/60 23/69/61 24/70/62 21/66/59
f 15/25/25 22/71/63 24/72/62 23/73/61
f 22/74/63 17/75/57 18/67/56 24/70/62
f 18/67/56 21/66/59 24/70/62
f 25/76/64 28/77/65 30/78/66 29/79/67
f 28/77/65 32/80/68 33/81/69 30/78/66
f 26/20/20 31/82/70 33/83/69 32/84/68
f 31/85/70 35/86/71 36/87/72 33/88/69
f 27/37/37 34/89/73 36/87/72 35/86/71
f 34/90/73 29/79/67 30/78/66 36/91/72
f 30/78/66 33/81/69 36/91/72
f 37/13/13 40/92/74 42/93/75 41/94/76
f 40/95/74 44/96/77 45/97/78 42/98/75
f 38/6/6 43/99/79 45/100/78 44/101/77
f 43/102/79 47/103/80 48/104/81 45/97/78
f 39/41/41 46/105/82 48/104/81 47/103/80
f 46/105/82 41/106/76 42/98/75 48/104/81
f 42/98/75 45/97/78 48/104/81
f 49/107/83 52/108/84 54/109/85 53/110/86
f 52/108/84 56/111/87 57/112/88 54/109/85
f 50/32/32 55/113/89 57/114/88 56/115/87
f 55/116/89 59/117/90 60/118/91 57/119/88
f 51/1/1 58/120/92 60/118/91 59/117/90
f 58/121/92 53/110/86 54/109/85 60/122/91
f 54/109/85 57/112/88 60/122/91
f 61/9/9 64/123/93 66/124/94 65/125/95
f 64/126/93 68/127/96 69/128/97 66/129/94
f 62/26/26 67/130/98 69/131/97 68/132/96
f 67/133/98 71/134/99 72/135/100 69/128/97
f 63/21/21 70/136/101 72/135/100 71/134/99
f 70/136/101 65/137/95 66/129/94 72/135/100
f 66/129/94 69/128/97 72/135/100
f 73/138/102 76/139/103 78/140/104 77/141/105
f 76/139/103 80/142/106 81/143/107 78/140/104
f 74/40/40 79/144/108 81/145/107 80/146/106
f 79/144/108 83/147/109 84/148/110 81/145/107
f 75/29/29 82/149/111 84/150/110 83/151/109
f 82/152/111 77/141/105 78/140/104 84/153/110
f 78/140/104 81/143/107 84/153/110
f 85/5/5 88/154/112 90/155/113 89/156/114
f 88/157/112 92/158/115 93/159/116 90/160/113
f 86/10/10 91/161/117 93/162/116 92/163/115
f 91/164/117 95/165/118 96/166/119 93/159/116
f 87/42/42 94/167/120 96/166/119 95/165/118
f 94/167/120 89/168/114 90/160/113 96/166/119
f 90/160/113 93/159/116 96/166/119
f 97/3/3 100/169/121 102/170/122 101/171/123
f 100/169/121 104/172/124 105/173/125 102/170/122
f 98/23/23 103/174/126 105/175/125 104/176/124
f 103/177/126 107/178/127 108/179/128 105/180/125
f 99/18/18 106/181/129 108/179/128 107/178/127
f 106/181/129 101/182/123 102/183/122 108/179/128
f 102/183/122 105/180/125 108/179/128
f 109/44/44 112/184/130 114/185/131 113/186/132
f 112/187/130 116/188/133 117/189/134 114/190/131
f 110/38/38 115/191/135 117/189/134 116/188/133
f 115/192/135 119/193/136 120/194/137 117/195/134
f 111/19/19 118/196/138 120/194/137 119/193/136
f 118/196/138 113/197/132 114/198/131 120/194/137
f 114/198/131 117/195/134 120/194/137
f 121/43/43 124/199/139 126/200/140 125/201/141
f 124/202/139 128/203/142 129/204/143 126/205/140
f 122/30/30 127/206/144 129/204/143 128/203/142
f 127/206/144 131/207/145 132/208/146 129/204/143
f 123/39/39 130/209/147 132/210/146 131/211/145
f 130/209/147 125/212/141 126/213/140 132/210/146
f 126/205/140 129/204/143 132/208/146
f 133/24/24 136/214/148 138/215/149 137/216/150
f 136/217/148 140/218/151 141/219/152 138/220/149
f 134/2/2 139/221/153 141/219/152 140/218/151
f 139/222/153 143/223/154 144/224/155 141/225/152
f 135/31/31 142/226/156 144/224/155 143/223/154
f 142/226/156 137/227/150 138/228/149 144/224/155
f 138/228/149 141/225/152 144/224/155
f 145/15/15 148/229/157 150/230/158 149/231/159
f 148/229/157 152/232/160 153/233/161 150/230/158
f 146/28/28 151/234/162 153/235/161 152/236/160
f 151/237/162 155/238/163 156/239/164 153/240/161
f 147/35/35 154/241/165 156/239/164 155/238/163
f 154/241/165 149/242/159 150/243/158 156/239/164
f 150/243/158 153/240/161 156/239/164
f 157/16/16 160/244/166 162/245/167 161/246/168
f 160/247/166 164/248/169 165/249/170 162/250/167
f 158/34/34 163/251/171 165/249/170 164/248/169
f 163/251/171 167/252/172 168/253/173 165/249/170
f 159/7/7 166/254/174 168/255/173 167/256/172
f 166/257/174 161/246/168 162/245/167 168/258/173
f 162/250/167 165/249/170 168/253/173
f 169/8/8 172/259/175 174/260/176 173/261/177
f 172/262/175 176/263/178 177/264/179 174/265/176
f 170/33/33 175/266/180 177/264/179 176/263/178
f 175/266/180 179/267/181 180/268/182 177/264/179
f 171/11/11 178/269/183 180/270/182 179/271/181
f 178/269/183 173/272/177 174/273/176 180/270/182
f 174/265/176 177/264/179 180/268/182
f 181/12/12 184/274/184 186/275/185 185/276/186
f 184/277/184 188/278/187 189/279/188 186/280/185
f 182/36/36 187/281/189 189/279/188 188/278/187
f 187/281/189 191/282/190 192/283/191 189/279/188
f 183/27/27 190/284/192 192/285/191 191/286/190
f 190/287/192 185/276/186 186/275/185 192/288/191
f 186/280/185 189/279/188 192/283/191
f 25/76/64 1/45/45 5/48/48 28/77/65
f 28/77/65 5/48/48 10/59/54 32/80/68
f 32/84/68 10/56/54 3/17/17 26/20/20
f 2/4/4 97/3/3 101/171/123 7/51/51
f 7/51/51 101/171/123 106/289/129 11/54/52
f 11/58/52 106/181/129 99/18/18 3/17/17
f 98/23/23 109/44/44 113/186/132 103/174/126
f 103/177/126 113/197/132 118/196/138 107/178/127
f 107/178/127 118/196/138 111/19/19 99/18/18
f 110/38/38 27/37/37 35/86/71 115/191/135
f 115/192/135 35/290/71 31/82/70 119/193/136
f 119/193/136 31/82/70 26/20/20 111/19/19
f 73/138/102 25/76/64 29/79/67 76/139/103
f 76/139/103 29/79/67 34/90/73 80/142/106
f 80/146/106 34/89/73 27/37/37 74/40/40
f 109/44/44 121/43/43 125/201/141 112/184/130
f 112/187/130 125/212/141 130/209/147 116/188/133
f 116/188/133 130/209/147 123/39/39 110/38/38
f 122/30/30 75/29/29 83/151/109 127/206/144
f 127/291/144 83/147/109 79/144/108 131/211/145
f 131/211/145 79/144/108 74/40/40 123/39/39
f 49/107/83 73/138/102 77/141/105 52/108/84
f 52/108/84 77/141/105 82/152/111 56/111/87
f 56/115/87 82/149/111 75/29/29 50/32/32
f 121/43/43 133/24/24 137/216/150 124/199/139
f 124/202/139 137/227/150 142/226/156 128/203/142
f 128/203/142 142/226/156 135/31/31 122/30/30
f 134/2/2 51/1/1 59/117/90 139/221/153
f 139/221/153 59/117/90 55/116/89 143/292/154
f 143/223/154 55/113/89 50/32/32 135/31/31
f 1/45/45 49/107/83 53/110/86 4/46/46
f 4/46/46 53/110/86 58/121/92 8/49/49
f 8/53/49 58/120/92 51/1/1 2/4/4
f 133/24/24 98/23/23 104/176/124 136/214/148
f 136/217/148 104/172/124 100/169/121 140/218/151
f 140/218/151 100/169/121 97/3/3 134/2/2
f 13/14/14 37/13/13 41/94/76 16/61/55
f 16/64/55 41/106/76 46/105/82 20/65/58
f 20/65/58 46/105/82 39/41/41 14/22/22
f 38/6/6 85/5/5 89/156/114 43/99/79
f 43/102/79 89/168/114 94/167/120 47/103/80
f 47/103/80 94/167/120 87/42/42 39/41/41
f 86/10/10 61/9/9 65/125/95 91/161/117
f 91/164/117 65/137/95 70/136/101 95/165/118
f 95/165/118 70/136/101 63/21/21 87/42/42
f 62/26/26 15/25/25 23/73/61 67/130/98
f 67/133/98 23/69/61 19/68/60 71/134/99
f 71/134/99 19/68/60 14/22/22 63/21/21
f 147/35/35 158/34/34 164/248/169 154/241/165
f 154/241/165 164/248/169 160/247/166 149/242/159
f 149/231/159 160/244/166 157/16/16 145/15/15
f 158/34/34 170/33/33 176/263/178 163/251/171
f 163/251/171 176/263/178 172/262/175 167/252/172
f 167/256/172 172/259/175 169/8/8 159/7/7
f 170/33/33 182/36/36 188/278/187 175/266/180
f 175/266/180 188/278/187 184/277/184 179/267/181
f 179/271/181 184/274/184 181/12/12 171/11/11
f 182/36/36 147/35/35 155/238/163 187/281/189
f 187/281/189 155/238/163 151/237/162 191/282/190
f 191/286/190 151/234/162 146/28/28 183/27/27
f 61/9/9 181/12/12 185/276/186 64/123/93
f 64/123/93 185/276/186 190/287/192 68/293/96
f 68/132/96 190/284/192 183/27/27 62/26/26
f 145/15/15 13/14/14 17/63/57 148/229/157
f 148/294/157 17/295/57 22/71/63 152/236/160
f 152/236/160 22/71/63 15/25/25 146/28/28
f 37/13/13 157/16/16 161/246/168 40/92/74
f 40/296/74 161/297/168 166/254/174 44/101/77
f 44/101/77 166/254/174 159/7/7 38/6/6
f 171/11/11 86/10/10 92/163/115 178/269/183
f 178/298/183 92/299/115 88/154/112 173/261/177
f 173/261/177 88/154/112 85/5/5 169/8/8
f 25/76/64 73/138/102 49/107/83 1/45/45
f 208/300/193 210/301/194 301/302/195 299/303/196
f 210/301/194 212/304/197 303/305/198 301/302/195
f 212/304/197 214/306/199 305/307/200 303/305/198
f 232/308/201 228/309/202 321/310/203 323/311/204
f 214/306/199 216/312/205 307/313/206 305/307/200
f 216/312/205 218/314/207 309/315/208 307/313/206
f 218/314/207 220/316/209 311/317/210 309/315/208
f 220/316/209 222/318/211 313/319/212 311/317/210
f 235/320/213 271/321/214 364/322/215 326/323/216
f 222/318/211 224/324/217 315/325/218 313/319/212
f 278/326/219 193/327/220 286/328/221 368/329/222
f 224/324/217 226/330/223 317/331/224 315/325/218
f 198/332/225 200/333/226 291/334/227 289/335/228
f 226/330/223 284/336/229 374/337/230 317/331/224
f 200/333/226 202/338/231 293/339/232 291/334/227
f 227/340/233 281/341/234 371/342/235 319/343/236
f 202/338/231 204/344/237 295/345/238 293/339/232
f 204/344/237 206/346/239 297/347/240 295/345/238
f 206/346/239 208/300/193 299/303/196 297/347/240
f 195/348/241 194/349/242 236/350/243 239/351/244
f 302/352/245 344/353/246 342/354/247 300/355/248
f 304/356/249 346/357/250 344/353/246 302/352/245
f 306/358/251 348/359/252 346/357/250 304/356/249
f 365/360/253 327/361/254 363/362/255 370/363/256
f 308/364/257 350/365/258 348/359/252 306/358/251
f 310/366/259 352/367/260 350/365/258 308/364/257
f 312/368/261 354/369/262 352/367/260 310/366/259
f 314/370/263 356/371/264 354/372/262 312/373/261
f 316/374/265 358/375/266 356/371/264 314/370/263
f 285/376/267 329/377/268 366/378/269 369/379/270
f 318/380/271 360/381/272 358/375/266 316/374/265
f 292/382/273 334/383/274 332/384/275 290/385/276
f 376/386/277 372/387/278 360/381/272 318/380/271
f 294/388/279 336/389/280 334/390/274 292/391/273
f 375/392/281 324/393/282 320/394/283 373/395/283
f 296/396/284 338/397/285 336/389/280 294/388/279
f 298/398/286 340/399/287 338/397/285 296/396/284
f 300/355/248 342/354/247 340/399/287 298/398/286
f 290/385/276 332/384/275 330/400/288 288/401/289
f 194/349/242 277/402/290 274/403/291 236/350/243
f 197/404/292 195/348/241 239/351/244 241/405/293
f 199/406/294 197/404/292 241/405/293 243/407/295
f 201/408/296 199/409/294 243/410/295 245/411/297
f 203/412/298 201/408/296 245/411/297 247/413/299
f 205/414/300 203/412/298 247/413/299 249/415/301
f 207/416/302 205/414/300 249/415/301 251/417/303
f 209/418/304 207/416/302 251/417/303 253/419/305
f 211/420/306 209/418/304 253/419/305 255/421/307
f 213/422/308 211/420/306 255/421/307 257/423/309
f 215/424/310 213/422/308 257/423/309 259/425/311
f 217/426/312 215/424/310 259/425/311 261/427/313
f 219/428/314 217/426/312 261/427/313 263/429/315
f 221/430/316 219/431/314 263/432/315 265/433/317
f 223/434/318 221/430/316 265/433/317 267/435/319
f 225/436/320 223/434/318 267/435/319 269/437/321
f 282/438/322 225/436/320 269/437/321 280/439/323
f 283/440/324 279/441/325 229/442/326 231/443/327
f 237/444/328 273/445/329 367/446/330 328/447/331
f 242/448/332 240/449/333 333/450/334 335/451/335
f 244/452/336 242/448/332 335/451/335 337/453/337
f 246/454/338 244/452/336 337/453/337 339/455/339
f 248/456/340 246/454/338 339/455/339 341/457/341
f 250/458/342 248/456/340 341/457/341 343/459/343
f 252/460/344 250/458/342 343/459/343 345/461/345
f 254/462/346 252/460/344 345/461/345 347/463/347
f 256/464/348 254/462/346 347/463/347 349/465/349
f 258/466/350 256/464/348 349/465/349 351/467/351
f 260/468/352 258/466/350 351/467/351 353/469/353
f 262/470/354 260/468/352 353/469/353 355/471/355
f 264/472/356 262/470/354 355/471/355 357/473/357
f 266/474/358 264/472/356 357/473/357 359/475/359
f 268/476/360 266/474/358 359/475/359 361/477/361
f 281/341/234 268/476/360 361/477/361 371/342/235
f 270/478/362 278/326/219 368/329/222 362/479/363
f 273/445/329 233/480/364 325/481/365 367/446/330
f 288/401/289 330/400/288 329/377/268 285/376/267
f 275/482/366 276/483/367 272/484/368 234/485/369
f 284/336/229 230/486/370 322/487/371 374/337/230
f 238/488/372 237/444/328 328/447/331 331/489/373
f 240/449/333 238/488/372 331/489/373 333/450/334
f 196/490/374 198/332/225 289/335/228 287/491/375
f 227/492/233 228/309/202 229/493/326
f 230/494/370 231/443/327 232/495/201
f 233/496/364 234/497/369 235/320/213
f 270/498/362 271/499/214 272/484/368
f 273/500/329 274/403/291 275/501/366
f 276/483/367 277/502/290 278/503/219
f 279/504/325 280/439/323 281/505/234
f 282/438/322 283/506/324 284/507/229
f 319/508/236 320/394/283 321/509/203
f 322/510/371 323/511/204 324/393/282
f 325/512/365 326/513/216 327/361/254
f 362/514/363 363/362/255 364/515/215
f 365/516/253 366/517/269 367/518/330
f 368/519/222 369/520/270 370/521/256
f 371/522/235 372/523/278 373/524/283
f 374/525/230 375/526/281 376/527/277
f 196/528/374 193/529/220 194/349/242 195/348/241
f 198/530/225 196/528/374 195/348/241 197/404/292
f 200/531/226 198/530/225 197/404/292 199/406/294
f 202/532/231 200/533/226 199/409/294 201/408/296
f 204/534/237 202/532/231 201/408/296 203/412/298
f 206/535/239 204/534/237 203/412/298 205/414/300
f 208/536/193 206/535/239 205/414/300 207/416/302
f 210/537/194 208/536/193 207/416/302 209/418/304
f 212/538/197 210/537/194 209/418/304 211/420/306
f 214/539/199 212/538/197 211/420/306 213/422/308
f 216/540/205 214/539/199 213/422/308 215/424/310
f 218/541/207 216/540/205 215/424/310 217/426/312
f 220/542/209 218/541/207 217/426/312 219/428/314
f 222/543/211 220/544/209 219/431/314 221/430/316
f 224/545/217 222/543/211 221/430/316 223/434/318
f 226/546/223 224/545/217 223/434/318 225/436/320
f 284/507/229 226/546/223 225/436/320 282/438/322
f 229/442/326 279/441/325 281/547/234 227/548/233
f 239/351/244 236/350/243 237/549/328 238/550/372
f 241/405/293 239/351/244 238/550/372 240/551/333
f 243/407/295 241/405/293 240/551/333 242/552/332
f 245/411/297 243/410/295 242/553/332 244/554/336
f 247/413/299 245/411/297 244/554/336 246/555/338
f 249/415/301 247/413/299 246/555/338 248/556/340
f 251/417/303 249/415/301 248/556/340 250/557/342
f 253/419/305 251/417/303 250/557/342 252/558/344
f 255/421/307 253/419/305 252/558/344 254/559/346
f 257/423/309 255/421/307 254/559/346 256/560/348
f 259/425/311 257/423/309 256/560/348 258/561/350
f 261/427/313 259/425/311 258/561/350 260/562/352
f 263/429/315 261/427/313 260/562/352 262/563/354
f 265/433/317 263/432/315 262/564/354 264/565/356
f 267/435/319 265/433/317 264/565/356 266/566/358
f 269/437/321 267/435/319 266/566/358 268/567/360
f 280/439/323 269/437/321 268/567/360 281/505/234
f 283/440/324 231/443/327 230/494/370 284/568/229
f 278/503/219 270/498/362 272/484/368 276/483/367
f 275/482/366 234/485/369 233/569/364 273/570/329
f 231/571/327 229/493/326 228/309/202 232/308/201
f 271/321/214 235/320/213 234/497/369 272/572/368
f 276/573/367 275/501/366 274/403/291 277/402/290
f 236/350/243 274/403/291 273/500/329 237/549/328
f 193/529/220 278/574/219 277/402/290 194/349/242
f 282/438/322 280/439/323 279/504/325 283/506/324
f 288/401/289 285/376/267 286/575/221 287/576/375
f 290/385/276 288/401/289 287/576/375 289/577/228
f 292/382/273 290/385/276 289/577/228 291/578/227
f 294/388/279 292/391/273 291/579/227 293/580/232
f 296/396/284 294/388/279 293/580/232 295/581/238
f 298/398/286 296/396/284 295/581/238 297/582/240
f 300/355/248 298/398/286 297/582/240 299/583/196
f 302/352/245 300/355/248 299/583/196 301/584/195
f 304/356/249 302/352/245 301/584/195 303/585/198
f 306/358/251 304/356/249 303/585/198 305/586/200
f 308/364/257 306/358/251 305/586/200 307/587/206
f 310/366/259 308/364/257 307/587/206 309/588/208
f 312/368/261 310/366/259 309/588/208 311/589/210
f 314/370/263 312/373/261 311/590/210 313/591/212
f 316/374/265 314/370/263 313/591/212 315/592/218
f 318/380/271 316/374/265 315/592/218 317/593/224
f 376/386/277 318/380/271 317/593/224 374/594/230
f 319/508/236 371/595/235 373/395/283 320/394/283
f 331/596/373 328/597/331 329/377/268 330/400/288
f 333/598/334 331/596/373 330/400/288 332/384/275
f 335/599/335 333/598/334 332/384/275 334/383/274
f 337/600/337 335/601/335 334/390/274 336/389/280
f 339/602/339 337/600/337 336/389/280 338/397/285
f 341/603/341 339/602/339 338/397/285 340/399/287
f 343/604/343 341/603/341 340/399/287 342/354/247
f 345/605/345 343/604/343 342/354/247 344/353/246
f 347/606/347 345/605/345 344/353/246 346/357/250
f 349/607/349 347/606/347 346/357/250 348/359/252
f 351/608/351 349/607/349 348/359/252 350/365/258
f 353/609/353 351/608/351 350/365/258 352/367/260
f 355/610/355 353/609/353 352/367/260 354/369/262
f 357/611/357 355/612/355 354/372/262 356/371/264
f 359/613/359 357/611/357 356/371/264 358/375/266
f 361/614/361 359/613/359 358/375/266 360/381/272
f 371/615/235 361/614/361 360/381/272 372/387/278
f 374/616/230 322/510/371 324/393/282 375/392/281
f 370/363/256 363/362/255 362/514/363 368/617/222
f 367/618/330 325/512/365 327/361/254 365/360/253
f 323/511/204 321/509/203 320/394/283 324/393/282
f 363/362/255 327/361/254 326/513/216 364/515/215
f 369/379/270 366/378/269 365/619/253 370/620/256
f 328/597/331 367/621/330 366/378/269 329/377/268
f 285/376/267 369/379/270 368/622/222 286/575/221
f 375/623/281 373/624/283 372/387/278 376/386/277
f 227/492/233 319/625/236 321/310/203 228/309/202
f 232/308/201 323/311/204 322/626/371 230/627/370
f 235/320/213 326/323/216 325/628/365 233/496/364
f 270/629/362 362/630/363 364/322/215 271/321/214
f 193/327/220 196/490/374 287/491/375 286/328/221
f 447/631/376 444/632/377 395/633/378
f 426/634/379 423/635/380 395/633/378
f 405/636/381 402/637/382 395/633/378
f 429/638/383 426/634/379 395/633/378
f 408/639/384 405/636/381 395/633/378
f 402/637/382 399/640/385 395/633/378
f 432/641/386 429/638/383 395/633/378
f 411/642/387 408/639/384 395/633/378
f 435/643/388 432/641/386 395/633/378
f 414/644/389 411/642/387 395/633/378
f 438/645/390 435/643/388 395/633/378
f 417/646/391 414/644/389 395/633/378
f 441/647/392 438/645/390 395/633/378
f 420/648/393 417/646/391 395/633/378
f 444/632/377 441/647/392 395/633/378
f 423/635/380 420/648/393 395/633/378
f 397/649/394 447/631/376 395/633/378
f 390/650/395 389/651/396 433/652/397 436/653/398
f 383/654/399 382/655/400 412/656/401 415/657/402
f 391/658/403 390/650/395 436/653/398 439/659/404
f 384/660/405 383/654/399 415/657/402 418/661/406
f 392/662/407 391/658/403 439/659/404 442/663/408
f 385/664/409 384/665/405 418/666/406 421/667/410
f 378/668/411 377/669/412 396/670/413 400/671/414
f 393/672/415 392/662/407 442/663/408 445/673/416
f 386/674/417 385/664/409 421/667/410 424/675/418
f 379/676/419 378/668/411 400/671/414 403/677/420
f 394/678/421 393/679/415 445/680/416 448/681/422
f 387/682/423 386/674/417 424/675/418 427/683/424
f 380/684/425 379/685/419 403/686/420 406/687/426
f 377/669/412 394/678/421 448/681/422 396/670/413
f 388/688/427 387/682/423 427/683/424 430/689/428
f 381/690/429 380/684/425 406/687/426 409/691/430
f 389/651/396 388/692/427 430/693/428 433/652/397
f 382/655/400 381/690/429 409/691/430 412/656/401
f 400/671/414 396/670/413 398/694/431 401/695/432
f 401/696/432 398/697/431 397/649/394 399/640/385
f 403/677/420 400/671/414 401/695/432 404/698/433
f 404/699/433 401/696/432 399/640/385 402/637/382
f 406/687/426 403/686/420 404/700/433 407/701/434
f 407/702/434 404/699/433 402/637/382 405/636/381
f 409/691/430 406/687/426 407/701/434 410/703/435
f 410/704/435 407/702/434 405/636/381 408/639/384
f 412/656/401 409/691/430 410/703/435 413/705/436
f 413/706/436 410/704/435 408/639/384 411/642/387
f 415/657/402 412/656/401 413/705/436 416/707/437
f 416/708/437 413/706/436 411/642/387 414/644/389
f 418/661/406 415/657/402 416/707/437 419/709/438
f 419/710/438 416/708/437 414/644/389 417/646/391
f 421/667/410 418/666/406 419/711/438 422/712/439
f 422/713/439 419/710/438 417/646/391 420/648/393
f 424/675/418 421/667/410 422/712/439 425/714/440
f 425/715/440 422/713/439 420/648/393 423/635/380
f 427/683/424 424/675/418 425/714/440 428/716/441
f 428/717/441 425/715/440 423/635/380 426/634/379
f 430/689/428 427/683/424 428/716/441 431/718/442
f 431/719/442 428/717/441 426/634/379 429/638/383
f 433/652/397 430/693/428 431/720/442 434/721/443
f 434/722/443 431/719/442 429/638/383 432/641/386
f 436/653/398 433/652/397 434/721/443 437/723/444
f 437/724/444 434/722/443 432/641/386 435/643/388
f 439/659/404 436/653/398 437/723/444 440/725/445
f 440/726/445 437/724/444 435/643/388 438/645/390
f 442/663/408 439/659/404 440/725/445 443/727/446
f 443/728/446 440/726/445 438/645/390 441/647/392
f 445/673/416 442/663/408 443/727/446 446/729/447
f 446/730/447 443/728/446 441/647/392 444/632/377
f 448/681/422 445/680/416 446/731/447 449/732/448
f 449/733/448 446/730/447 444/632/377 447/631/376
f 396/670/413 448/681/422 449/732/448 398/694/431
f 398/697/431 449/733/448 447/631/376 397/649/394
f 399/640/385 397/649/394 395/633/378
f 520/734/385 468/735/378 517/736/382
f 499/737/393 468/735/378 496/738/380
f 478/739/392 468/735/378 475/740/377
f 502/741/391 468/735/378 499/737/393
f 481/742/390 468/735/378 478/739/392
f 475/740/377 468/735/378 472/743/376
f 505/744/389 468/735/378 502/741/391
f 484/745/388 468/735/378 481/742/390
f 508/746/387 468/735/378 505/744/389
f 487/747/386 468/735/378 484/745/388
f 511/748/384 468/735/378 508/746/387
f 490/749/383 468/735/378 487/747/386
f 514/750/449 468/735/378 511/748/384
f 493/751/379 468/735/378 490/749/383
f 517/736/382 468/735/378 514/750/449
f 496/738/380 468/735/378 493/751/379
f 470/752/394 468/735/378 520/734/385
f 463/753/450 509/754/401 506/755/402 462/756/399
f 456/757/396 488/758/397 485/759/451 455/760/395
f 464/761/452 512/762/430 509/754/401 463/753/450
f 457/763/427 491/764/428 488/758/397 456/757/396
f 465/765/425 515/766/426 512/762/430 464/761/452
f 458/767/423 494/768/424 491/769/428 457/770/427
f 451/771/421 473/772/422 469/773/413 450/774/412
f 466/775/419 518/776/453 515/766/426 465/765/425
f 459/777/417 497/778/418 494/768/424 458/767/423
f 452/779/415 476/780/416 473/772/422 451/771/421
f 467/781/411 521/782/454 518/783/453 466/784/419
f 460/785/409 500/786/410 497/778/418 459/777/417
f 453/787/407 479/788/408 476/789/416 452/790/415
f 450/774/412 469/773/413 521/782/454 467/781/411
f 461/791/405 503/792/406 500/786/410 460/785/409
f 454/793/403 482/794/455 479/788/408 453/787/407
f 462/756/399 506/755/402 503/795/406 461/796/405
f 455/760/395 485/759/451 482/794/455 454/793/403
f 473/772/422 474/797/448 471/798/431 469/773/413
f 474/799/448 472/743/376 470/752/394 471/800/431
f 476/780/416 477/801/447 474/797/448 473/772/422
f 477/802/447 475/740/377 472/743/376 474/799/448
f 479/788/408 480/803/456 477/804/447 476/789/416
f 480/805/456 478/739/392 475/740/377 477/802/447
f 482/794/455 483/806/445 480/803/456 479/788/408
f 483/807/445 481/742/390 478/739/392 480/805/456
f 485/759/451 486/808/444 483/806/445 482/794/455
f 486/809/444 484/745/388 481/742/390 483/807/445
f 488/758/397 489/810/443 486/808/444 485/759/451
f 489/811/443 487/747/386 484/745/388 486/809/444
f 491/764/428 492/812/457 489/810/443 488/758/397
f 492/813/457 490/749/383 487/747/386 489/811/443
f 494/768/424 495/814/441 492/815/457 491/769/428
f 495/816/441 493/751/379 490/749/383 492/813/457
f 497/778/418 498/817/440 495/814/441 494/768/424
f 498/818/440 496/738/380 493/751/379 495/816/441
f 500/786/410 501/819/439 498/817/440 497/778/418
f 501/820/439 499/737/393 496/738/380 498/818/440
f 503/792/406 504/821/438 501/819/439 500/786/410
f 504/822/438 502/741/391 499/737/393 501/820/439
f 506/755/402 507/823/458 504/824/438 503/795/406
f 507/825/458 505/744/389 502/741/391 504/822/438
f 509/754/401 510/826/436 507/823/458 506/755/402
f 510/827/436 508/746/387 505/744/389 507/825/458
f 512/762/430 513/828/435 510/826/436 509/754/401
f 513/829/435 511/748/384 508/746/387 510/827/436
f 515/766/426 516/830/434 513/828/435 512/762/430
f 516/831/434 514/750/449 511/748/384 513/829/435
f 518/776/453 519/832/433 516/830/434 515/766/426
f 519/833/433 517/736/382 514/750/449 516/831/434
f 521/782/454 522/834/432 519/835/433 518/783/453
f 522/836/432 520/734/385 517/736/382 519/833/433
f 469/773/413 471/798/431 522/834/432 521/782/454
f 471/800/431 470/752/394 520/734/385 522/836/432
f 472/743/376 468/735/378 470/752/394
f 538/837/459 629/838/460 631/839/461 540/840/462
f 540/840/462 631/839/461 633/841/463 542/842/464
f 542/842/464 633/841/463 635/843/465 544/844/466
f 562/845/467 653/846/468 651/847/469 558/848/470
f 544/844/466 635/843/465 637/849/471 546/850/472
f 546/850/472 637/849/471 639/851/473 548/852/474
f 548/852/474 639/851/473 641/853/475 550/854/476
f 550/854/476 641/853/475 643/855/477 552/856/478
f 565/857/479 656/858/480 694/859/481 601/860/482
f 552/856/478 643/855/477 645/861/483 554/862/484
f 608/863/485 698/864/486 616/865/487 523/866/488
f 554/862/484 645/861/483 647/867/489 556/868/490
f 528/869/491 619/870/492 621/871/493 530/872/494
f 556/868/490 647/867/489 704/873/495 614/874/496
f 530/872/494 621/871/493 623/875/497 532/876/498
f 557/877/499 649/878/500 701/879/501 611/880/502
f 532/876/498 623/875/497 625/881/503 534/882/504
f 534/882/504 625/881/503 627/883/505 536/884/506
f 536/884/506 627/883/505 629/838/460 538/837/459
f 525/885/507 569/886/508 566/887/509 524/888/510
f 632/889/511 630/890/512 672/891/513 674/892/514
f 634/893/515 632/889/511 674/892/514 676/894/516
f 636/895/517 634/893/515 676/894/516 678/896/518
f 695/897/519 700/898/520 693/899/521 657/900/522
f 638/901/523 636/895/517 678/896/518 680/902/524
f 640/903/525 638/901/523 680/902/524 682/904/526
f 642/905/527 640/903/525 682/904/526 684/906/528
f 644/907/529 642/908/527 684/909/528 686/910/530
f 646/911/531 644/907/529 686/910/530 688/912/532
f 615/913/533 699/914/534 696/915/535 659/916/536
f 648/917/537 646/911/531 688/912/532 690/918/538
f 622/919/539 620/920/540 662/921/541 664/922/542
f 706/923/543 648/917/537 690/918/538 702/924/544
f 624/925/545 622/926/539 664/927/542 666/928/546
f 705/929/547 703/930/548 650/931/549 654/932/550
f 626/933/551 624/925/545 666/928/546 668/934/552
f 628/935/553 626/933/551 668/934/552 670/936/554
f 630/890/512 628/935/553 670/936/554 672/891/513
f 620/920/540 618/937/555 660/938/556 662/921/541
f 524/888/510 566/887/509 604/939/557 607/940/558
f 527/941/559 571/942/560 569/886/508 525/885/507
f 529/943/561 573/944/562 571/942/560 527/941/559
f 531/945/563 575/946/564 573/947/562 529/948/561
f 533/949/565 577/950/566 575/946/564 531/945/563
f 535/951/567 579/952/568 577/950/566 533/949/565
f 537/953/569 581/954/570 579/952/568 535/951/567
f 539/955/571 583/956/572 581/954/570 537/953/569
f 541/957/573 585/958/574 583/956/572 539/955/571
f 543/959/575 587/960/576 585/958/574 541/957/573
f 545/961/577 589/962/578 587/960/576 543/959/575
f 547/963/579 591/964/580 589/962/578 545/961/577
f 549/965/581 593/966/582 591/964/580 547/963/579
f 551/967/583 595/968/584 593/969/582 549/970/581
f 553/971/585 597/972/586 595/968/584 551/967/583
f 555/973/587 599/974/588 597/972/586 553/971/585
f 612/975/589 610/976/590 599/974/588 555/973/587
f 613/977/591 561/978/592 559/979/593 609/980/594
f 567/981/595 658/982/596 697/983/597 603/984/598
f 572/985/599 665/986/600 663/987/601 570/988/602
f 574/989/603 667/990/604 665/986/600 572/985/599
f 576/991/605 669/992/606 667/990/604 574/989/603
f 578/993/607 671/994/608 669/992/606 576/991/605
f 580/995/609 673/996/610 671/994/608 578/993/607
f 582/997/611 675/998/612 673/996/610 580/995/609
f 584/999/613 677/1000/614 675/998/612 582/997/611
f 586/1001/615 679/1002/616 677/1000/614 584/999/613
f 588/1003/617 681/1004/618 679/1002/616 586/1001/615
f 590/1005/619 683/1006/620 681/1004/618 588/1003/617
f 592/1007/621 685/1008/622 683/1006/620 590/1005/619
f 594/1009/623 687/1010/624 685/1008/622 592/1007/621
f 596/1011/625 689/1012/626 687/1010/624 594/1009/623
f 598/1013/627 691/1014/628 689/1012/626 596/1011/625
f 611/880/502 701/879/501 691/1014/628 598/1013/627
f 600/1015/629 692/1016/630 698/864/486 608/863/485
f 603/984/598 697/983/597 655/1017/631 563/1018/632
f 618/937/555 615/913/533 659/916/536 660/938/556
f 605/1019/633 564/1020/634 602/1021/635 606/1022/636
f 614/874/496 704/873/495 652/1023/637 560/1024/638
f 568/1025/639 661/1026/640 658/982/596 567/981/595
f 570/988/602 663/987/601 661/1026/640 568/1025/639
f 526/1027/641 617/1028/642 619/870/492 528/869/491
f 557/1029/499 559/1030/593 558/848/470
f 560/1031/638 562/1032/467 561/978/592
f 563/1033/632 565/857/479 564/1034/634
f 600/1035/629 602/1021/635 601/1036/482
f 603/1037/598 605/1038/633 604/939/557
f 606/1022/636 608/1039/485 607/1040/558
f 609/1041/594 611/1042/502 610/976/590
f 612/975/589 614/1043/496 613/1044/591
f 649/1045/500 651/1046/469 650/931/549
f 652/1047/637 654/932/550 653/1048/468
f 655/1049/631 657/900/522 656/1050/480
f 692/1051/630 694/1052/481 693/899/521
f 695/1053/519 697/1054/597 696/1055/535
f 698/1056/486 700/1057/520 699/1058/534
f 701/1059/501 703/1060/548 702/1061/544
f 704/1062/495 706/1063/543 705/1064/547
f 526/1065/641 525/885/507 524/888/510 523/1066/488
f 528/1067/491 527/941/559 525/885/507 526/1065/641
f 530/1068/494 529/943/561 527/941/559 528/1067/491
f 532/1069/498 531/945/563 529/948/561 530/1070/494
f 534/1071/504 533/949/565 531/945/563 532/1069/498
f 536/1072/506 535/951/567 533/949/565 534/1071/504
f 538/1073/459 537/953/569 535/951/567 536/1072/506
f 540/1074/462 539/955/571 537/953/569 538/1073/459
f 542/1075/464 541/957/573 539/955/571 540/1074/462
f 544/1076/466 543/959/575 541/957/573 542/1075/464
f 546/1077/472 545/961/577 543/959/575 544/1076/466
f 548/1078/474 547/963/579 545/961/577 546/1077/472
f 550/1079/476 549/965/581 547/963/579 548/1078/474
f 552/1080/478 551/967/583 549/970/581 550/1081/476
f 554/1082/484 553/971/585 551/967/583 552/1080/478
f 556/1083/490 555/973/587 553/971/585 554/1082/484
f 614/1043/496 612/975/589 555/973/587 556/1083/490
f 559/979/593 557/1084/499 611/1085/502 609/980/594
f 569/886/508 568/1086/639 567/1087/595 566/887/509
f 571/942/560 570/1088/602 568/1086/639 569/886/508
f 573/944/562 572/1089/599 570/1088/602 571/942/560
f 575/946/564 574/1090/603 572/1091/599 573/947/562
f 577/950/566 576/1092/605 574/1090/603 575/946/564
f 579/952/568 578/1093/607 576/1092/605 577/950/566
f 581/954/570 580/1094/609 578/1093/607 579/952/568
f 583/956/572 582/1095/611 580/1094/609 581/954/570
f 585/958/574 584/1096/613 582/1095/611 583/956/572
f 587/960/576 586/1097/615 584/1096/613 585/958/574
f 589/962/578 588/1098/617 586/1097/615 587/960/576
f 591/964/580 590/1099/619 588/1098/617 589/962/578
f 593/966/582 592/1100/621 590/1099/619 591/964/580
f 595/968/584 594/1101/623 592/1102/621 593/969/582
f 597/972/586 596/1103/625 594/1101/623 595/968/584
f 599/974/588 598/1104/627 596/1103/625 597/972/586
f 610/976/590 611/1042/502 598/1104/627 599/974/588
f 613/977/591 614/1105/496 560/1031/638 561/978/592
f 608/1039/485 606/1022/636 602/1021/635 600/1035/629
f 605/1019/633 603/1106/598 563/1107/632 564/1020/634
f 561/1108/592 562/845/467 558/848/470 559/1030/593
f 601/860/482 602/1109/635 564/1034/634 565/857/479
f 606/1110/636 607/940/558 604/939/557 605/1038/633
f 566/887/509 567/1087/595 603/1037/598 604/939/557
f 523/1066/488 524/888/510 607/940/558 608/1111/485
f 612/975/589 613/1044/591 609/1041/594 610/976/590
f 618/937/555 617/1112/642 616/1113/487 615/913/533
f 620/920/540 619/1114/492 617/1112/642 618/937/555
f 622/919/539 621/1115/493 619/1114/492 620/920/540
f 624/925/545 623/1116/497 621/1117/493 622/926/539
f 626/933/551 625/1118/503 623/1116/497 624/925/545
f 628/935/553 627/1119/505 625/1118/503 626/933/551
f 630/890/512 629/1120/460 627/1119/505 628/935/553
f 632/889/511 631/1121/461 629/1120/460 630/890/512
f 634/893/515 633/1122/463 631/1121/461 632/889/511
f 636/895/517 635/1123/465 633/1122/463 634/893/515
f 638/901/523 637/1124/471 635/1123/465 636/895/517
f 640/903/525 639/1125/473 637/1124/471 638/901/523
f 642/905/527 641/1126/475 639/1125/473 640/903/525
f 644/907/529 643/1127/477 641/1128/475 642/908/527
f 646/911/531 645/1129/483 643/1127/477 644/907/529
f 648/917/537 647/1130/489 645/1129/483 646/911/531
f 706/923/543 704/1131/495 647/1130/489 648/917/537
f 649/1045/500 650/931/549 703/930/548 701/1132/501
f 661/1133/640 660/938/556 659/916/536 658/1134/596
f 663/1135/601 662/921/541 660/938/556 661/1133/640
f 665/1136/600 664/922/542 662/921/541 663/1135/601
f 667/1137/604 666/928/546 664/927/542 665/1138/600
f 669/1139/606 668/934/552 666/928/546 667/1137/604
f 671/1140/608 670/936/554 668/934/552 669/1139/606
f 673/1141/610 672/891/513 670/936/554 671/1140/608
f 675/1142/612 674/892/514 672/891/513 673/1141/610
f 677/1143/614 676/894/516 674/892/514 675/1142/612
f 679/1144/616 678/896/518 676/894/516 677/1143/614
f 681/1145/618 680/902/524 678/896/518 679/1144/616
f 683/1146/620 682/904/526 680/902/524 681/1145/618
f 685/1147/622 684/906/528 682/904/526 683/1146/620
f 687/1148/624 686/910/530 684/909/528 685/1149/622
f 689/1150/626 688/912/532 686/910/530 687/1148/624
f 691/1151/628 690/918/538 688/912/532 689/1150/626
f 701/1152/501 702/924/544 690/918/538 691/1151/628
f 704/1153/495 705/929/547 654/932/550 652/1047/637
f 700/898/520 698/1154/486 692/1051/630 693/899/521
f 697/1155/597 695/897/519 657/900/522 655/1049/631
f 653/1048/468 654/932/550 650/931/549 651/1046/469
f 693/899/521 694/1052/481 656/1050/480 657/900/522
f 699/914/534 700/1156/520 695/1157/519 696/915/535
f 658/1134/596 659/916/536 696/915/535 697/1158/597
f 615/913/533 616/1113/487 698/1159/486 699/914/534
f 705/1160/547 706/923/543 702/924/544 703/1161/548
f 557/1029/499 558/848/470 651/847/469 649/1162/500
f 562/845/467 560/1163/638 652/1164/637 653/846/468
f 565/857/479 563/1033/632 655/1165/631 656/858/480
f 600/1166/629 601/860/482 694/859/481 692/1167/630
f 523/866/488 616/865/487 617/1028/642 526/1027/641
f 777/1168/643 725/1169/644 774/1170/645
f 756/1171/646 725/1169/644 753/1172/647
f 735/1173/648 725/1169/644 732/1174/649
f 759/1175/650 725/1169/644 756/1171/646
f 738/1176/651 725/1169/644 735/1173/648
f 732/1174/649 725/1169/644 729/1177/652
f 762/1178/653 725/1169/644 759/1175/650
f 741/1179/654 725/1169/644 738/1176/651
f 765/1180/655 725/1169/644 762/1178/653
f 744/1181/656 725/1169/644 741/1179/654
f 768/1182/657 725/1169/644 765/1180/655
f 747/1183/658 725/1169/644 744/1181/656
f 771/1184/659 725/1169/644 768/1182/657
f 750/1185/660 725/1169/644 747/1183/658
f 774/1170/645 725/1169/644 771/1184/659
f 753/1172/647 725/1169/644 750/1185/660
f 727/1186/661 725/1169/644 777/1168/643
f 720/1187/395 766/1188/662 763/1189/663 719/1190/396
f 713/1191/399 745/1192/664 742/1193/665 712/1194/400
f 721/1195/403 769/1196/666 766/1188/662 720/1187/395
f 714/1197/405 748/1198/667 745/1192/664 713/1191/399
f 722/1199/407 772/1200/668 769/1196/666 721/1195/403
f 715/1201/409 751/1202/669 748/1203/667 714/1204/405
f 708/1205/411 730/1206/670 726/1207/671 707/1208/412
f 723/1209/415 775/1210/672 772/1200/668 722/1199/407
f 716/1211/417 754/1212/673 751/1202/669 715/1201/409
f 709/1213/419 733/1214/674 730/1206/670 708/1205/411
f 724/1215/421 778/1216/675 775/1217/672 723/1218/415
f 717/1219/423 757/1220/676 754/1212/673 716/1211/417
f 710/1221/425 736/1222/677 733/1223/674 709/1224/419
f 707/1208/412 726/1207/671 778/1216/675 724/1215/421
f 718/1225/427 760/1226/678 757/1220/676 717/1219/423
f 711/1227/429 739/1228/679 736/1222/677 710/1221/425
f 719/1190/396 763/1189/663 760/1229/678 718/1230/427
f 712/1194/400 742/1193/665 739/1228/679 711/1227/429
f 730/1206/670 731/1231/680 728/1232/681 726/1207/671
f 731/1233/680 729/1177/652 727/1186/661 728/1234/681
f 733/1214/674 734/1235/682 731/1231/680 730/1206/670
f 734/1236/682 732/1174/649 729/1177/652 731/1233/680
f 736/1222/677 737/1237/683 734/1238/682 733/1223/674
f 737/1239/683 735/1173/648 732/1174/649 734/1236/682
f 739/1228/679 740/1240/684 737/1237/683 736/1222/677
f 740/1241/684 738/1176/651 735/1173/648 737/1239/683
f 742/1193/665 743/1242/685 740/1240/684 739/1228/679
f 743/1243/685 741/1179/654 738/1176/651 740/1241/684
f 745/1192/664 746/1244/686 743/1242/685 742/1193/665
f 746/1245/686 744/1181/656 741/1179/654 743/1243/685
f 748/1198/667 749/1246/687 746/1244/686 745/1192/664
f 749/1247/687 747/1183/658 744/1181/656 746/1245/686
f 751/1202/669 752/1248/688 749/1249/687 748/1203/667
f 752/1250/688 750/1185/660 747/1183/658 749/1247/687
f 754/1212/673 755/1251/689 752/1248/688 751/1202/669
f 755/1252/689 753/1172/647 750/1185/660 752/1250/688
f 757/1220/676 758/1253/690 755/1251/689 754/1212/673
f 758/1254/690 756/1171/646 753/1172/647 755/1252/689
f 760/1226/678 761/1255/691 758/1253/690 757/1220/676
f 761/1256/691 759/1175/650 756/1171/646 758/1254/690
f 763/1189/663 764/1257/692 761/1258/691 760/1229/678
f 764/1259/692 762/1178/653 759/1175/650 761/1256/691
f 766/1188/662 767/1260/693 764/1257/692 763/1189/663
f 767/1261/693 765/1180/655 762/1178/653 764/1259/692
f 769/1196/666 770/1262/694 767/1260/693 766/1188/662
f 770/1263/694 768/1182/657 765/1180/655 767/1261/693
f 772/1200/668 773/1264/695 770/1262/694 769/1196/666
f 773/1265/695 771/1184/659 768/1182/657 770/1263/694
f 775/1210/672 776/1266/696 773/1264/695 772/1200/668
f 776/1267/696 774/1170/645 771/1184/659 773/1265/695
f 778/1216/675 779/1268/697 776/1269/696 775/1217/672
f 779/1270/697 777/1168/643 774/1170/645 776/1267/696
f 726/1207/671 728/1232/681 779/1268/697 778/1216/675
f 728/1234/681 727/1186/661 777/1168/643 779/1270/697
f 729/1177/652 725/1169/644 727/1186/661
f 850/1271/652 847/1272/649 798/1273/644
f 829/1274/660 826/1275/647 798/1273/644
f 808/1276/659 805/1277/645 798/1273/644
f 832/1278/658 829/1274/660 798/1273/644
f 811/1279/657 808/1276/659 798/1273/644
f 805/1277/645 802/1280/643 798/1273/644
f 835/1281/656 832/1278/658 798/1273/644
f 814/1282/655 811/1279/657 798/1273/644
f 838/1283/654 835/1281/656 798/1273/644
f 817/1284/698 814/1282/655 798/1273/644
f 841/1285/651 838/1283/654 798/1273/644
f 820/1286/650 817/1284/698 798/1273/644
f 844/1287/648 841/1285/651 798/1273/644
f 823/1288/699 820/1286/650 798/1273/644
f 847/1272/649 844/1287/648 798/1273/644
f 826/1275/647 823/1288/699 798/1273/644
f 800/1289/700 850/1271/652 798/1273/644
f 793/1290/450 792/1291/399 836/1292/664 839/1293/701
f 786/1294/396 785/1295/395 815/1296/702 818/1297/663
f 794/1298/452 793/1290/450 839/1293/701 842/1299/703
f 787/1300/427 786/1294/396 818/1297/663 821/1301/678
f 795/1302/425 794/1298/452 842/1299/703 845/1303/677
f 788/1304/423 787/1305/427 821/1306/678 824/1307/676
f 781/1308/421 780/1309/412 799/1310/704 803/1311/675
f 796/1312/419 795/1302/425 845/1303/677 848/1313/705
f 789/1314/417 788/1304/423 824/1307/676 827/1315/673
f 782/1316/415 781/1308/421 803/1311/675 806/1317/672
f 797/1318/411 796/1319/419 848/1320/705 851/1321/670
f 790/1322/409 789/1314/417 827/1315/673 830/1323/669
f 783/1324/407 782/1325/415 806/1326/672 809/1327/668
f 780/1309/412 797/1318/411 851/1321/670 799/1310/704
f 791/1328/405 790/1322/409 830/1323/669 833/1329/706
f 784/1330/403 783/1324/407 809/1327/668 812/1331/707
f 792/1291/399 791/1332/405 833/1333/706 836/1292/664
f 785/1295/395 784/1330/403 812/1331/707 815/1296/702
f 803/1311/675 799/1310/704 801/1334/681 804/1335/697
f 804/1336/697 801/1337/681 800/1289/700 802/1280/643
f 806/1317/672 803/1311/675 804/1335/697 807/1338/696
f 807/1339/696 804/1336/697 802/1280/643 805/1277/645
f 809/1327/668 806/1326/672 807/1340/696 810/1341/695
f 810/1342/695 807/1339/696 805/1277/645 808/1276/659
f 812/1331/707 809/1327/668 810/1341/695 813/1343/708
f 813/1344/708 810/1342/695 808/1276/659 811/1279/657
f 815/1296/702 812/1331/707 813/1343/708 816/1345/709
f 816/1346/709 813/1344/708 811/1279/657 814/1282/655
f 818/1297/663 815/1296/702 816/1345/709 819/1347/692
f 819/1348/692 816/1346/709 814/1282/655 817/1284/698
f 821/1301/678 818/1297/663 819/1347/692 822/1349/691
f 822/1350/691 819/1348/692 817/1284/698 820/1286/650
f 824/1307/676 821/1306/678 822/1351/691 825/1352/690
f 825/1353/690 822/1350/691 820/1286/650 823/1288/699
f 827/1315/673 824/1307/676 825/1352/690 828/1354/689
f 828/1355/689 825/1353/690 823/1288/699 826/1275/647
f 830/1323/669 827/1315/673 828/1354/689 831/1356/688
f 831/1357/688 828/1355/689 826/1275/647 829/1274/660
f 833/1329/706 830/1323/669 831/1356/688 834/1358/687
f 834/1359/687 831/1357/688 829/1274/660 832/1278/658
f 836/1292/664 833/1333/706 834/1360/687 837/1361/710
f 837/1362/710 834/1359/687 832/1278/658 835/1281/656
f 839/1293/701 836/1292/664 837/1361/710 840/1363/685
f 840/1364/685 837/1362/710 835/1281/656 838/1283/654
f 842/1299/703 839/1293/701 840/1363/685 843/1365/684
f 843/1366/684 840/1364/685 838/1283/654 841/1285/651
f 845/1303/677 842/1299/703 843/1365/684 846/1367/683
f 846/1368/683 843/1366/684 841/1285/651 844/1287/648
f 848/1313/705 845/1303/677 846/1367/683 849/1369/682
f 849/1370/682 846/1368/683 844/1287/648 847/1272/649
f 851/1321/670 848/1320/705 849/1371/682 852/1372/680
f 852/1373/680 849/1370/682 847/1272/649 850/1271/652
f 799/1310/704 851/1321/670 852/1372/680 801/1334/681
f 801/1337/681 852/1373/680 850/1271/652 800/1289/700
f 802/1280/643 800/1289/700 798/1273/644
o palki.016
v -0.248500 0.006862 -0.247568
v -0.246500 0.006862 -0.249568
v -0.246500 0.004862 -0.247568
v -0.247914 0.006862 -0.248982
v -0.247654 0.005707 -0.248723
v -0.246500 0.005448 -0.248982
v -0.247914 0.005448 -0.247568
v -0.246499 0.719463 -0.249568
v -0.248499 0.719463 -0.247568
v -0.246499 0.721463 -0.247568
v -0.247914 0.719463 -0.248982
v -0.247654 0.720618 -0.248723
v -0.247914 0.720877 -0.247568
v -0.246499 0.720877 -0.248982
v 0.248499 0.006862 -0.247568
v 0.246500 0.004862 -0.247568
v 0.246500 0.006862 -0.249568
v 0.247914 0.005448 -0.247568
v 0.247654 0.005707 -0.248723
v 0.246500 0.005448 -0.248982
v 0.247914 0.006862 -0.248982
v 0.246500 0.719463 -0.249568
v 0.246500 0.721463 -0.247568
v 0.248500 0.719463 -0.247568
v 0.246500 0.720877 -0.248982
v 0.247654 0.720618 -0.248723
v 0.247914 0.720877 -0.247568
v 0.247914 0.719463 -0.248982
v -0.246500 0.006862 0.247431
v -0.248500 0.006862 0.245431
v -0.246500 0.004862 0.245431
v -0.247914 0.006862 0.246845
v -0.247654 0.005707 0.246586
v -0.247914 0.005448 0.245431
v -0.246500 0.005448 0.246845
v -0.246499 0.719463 0.247431
v -0.246499 0.721463 0.245431
v -0.248499 0.719463 0.245431
v -0.246499 0.720877 0.246845
v -0.247654 0.720618 0.246586
v -0.247914 0.720877 0.245431
v -0.247914 0.719463 0.246845
v 0.246499 0.006862 0.247431
v 0.246499 0.004862 0.245431
v 0.248499 0.006862 0.245431
v 0.246499 0.005448 0.246845
v 0.247654 0.005707 0.246586
v 0.247914 0.005448 0.245431
v 0.247914 0.006862 0.246845
v 0.246500 0.719463 0.247431
v 0.248500 0.719463 0.245431
v 0.246500 0.721463 0.245431
v 0.247914 0.719463 0.246845
v 0.247654 0.720618 0.246586
v 0.247914 0.720877 0.245431
v 0.246500 0.720877 0.246845
v 0.246499 0.006862 0.152310
v 0.248499 0.006862 0.154310
v 0.246499 0.004862 0.154310
v 0.247914 0.006862 0.152896
v 0.247654 0.005707 0.153155
v 0.247914 0.005448 0.154310
v 0.246499 0.005448 0.152896
v 0.246499 0.006862 0.143752
v 0.246499 0.004862 0.141752
v 0.248499 0.006862 0.141752
v 0.246499 0.005448 0.143167
v 0.247654 0.005707 0.142907
v 0.247914 0.005448 0.141752
v 0.247914 0.006862 0.143167
v 0.246499 0.006862 0.052738
v 0.248499 0.006862 0.054739
v 0.246499 0.004862 0.054738
v 0.247914 0.006862 0.053324
v 0.247654 0.005707 0.053584
v 0.247914 0.005448 0.054738
v 0.246499 0.005448 0.053324
v 0.246499 0.006862 0.044525
v 0.246499 0.004862 0.042524
v 0.248499 0.006862 0.042524
v 0.246499 0.005448 0.043939
v 0.247654 0.005707 0.043679
v 0.247914 0.005448 0.042524
v 0.247914 0.006862 0.043939
v 0.246499 0.006862 -0.046660
v 0.248499 0.006862 -0.044660
v 0.246499 0.004862 -0.044660
v 0.247914 0.006862 -0.046075
v 0.247654 0.005707 -0.045815
v 0.247914 0.005448 -0.044660
v 0.246499 0.005448 -0.046075
v 0.246499 0.006862 -0.054876
v 0.246499 0.004862 -0.056876
v 0.248499 0.006862 -0.056876
v 0.246499 0.005448 -0.055462
v 0.247654 0.005707 -0.055722
v 0.247914 0.005448 -0.056876
v 0.247914 0.006862 -0.055462
v 0.246499 0.006862 -0.145886
v 0.248499 0.006862 -0.143886
v 0.246499 0.004862 -0.143886
v 0.247914 0.006862 -0.145300
v 0.247654 0.005707 -0.145041
v 0.247914 0.005448 -0.143886
v 0.246499 0.005448 -0.145300
v 0.246499 0.006862 -0.154450
v 0.246499 0.004862 -0.156450
v 0.248499 0.006862 -0.156450
v 0.246499 0.005448 -0.155036
v 0.247654 0.005707 -0.155296
v 0.247914 0.005448 -0.156450
v 0.247914 0.006862 -0.155036
v 0.246500 0.719463 -0.154473
v 0.248500 0.719463 -0.156474
v 0.246500 0.721463 -0.156474
v 0.247914 0.719463 -0.155059
v 0.247654 0.720618 -0.155319
v 0.247914 0.720877 -0.156474
v 0.246500 0.720877 -0.155059
v 0.246500 0.719463 -0.145863
v 0.246500 0.721463 -0.143863
v 0.248500 0.719463 -0.143863
v 0.246500 0.720877 -0.145277
v 0.247654 0.720618 -0.145018
v 0.247914 0.720877 -0.143863
v 0.247914 0.719463 -0.145277
v 0.246500 0.719463 -0.054879
v 0.248500 0.719463 -0.056879
v 0.246500 0.721463 -0.056879
v 0.247914 0.719463 -0.055465
v 0.247654 0.720618 -0.055724
v 0.247914 0.720877 -0.056879
v 0.246500 0.720877 -0.055465
v 0.246500 0.719463 -0.046658
v 0.246500 0.721463 -0.044658
v 0.248500 0.719463 -0.044658
v 0.246500 0.720877 -0.046072
v 0.247654 0.720618 -0.045812
v 0.247914 0.720877 -0.044658
v 0.247914 0.719463 -0.046072
v 0.246500 0.719463 0.044522
v 0.248500 0.719463 0.042522
v 0.246500 0.721463 0.042522
v 0.247914 0.719463 0.043936
v 0.247654 0.720618 0.043677
v 0.247914 0.720877 0.042522
v 0.246500 0.720877 0.043936
v 0.246500 0.719463 0.052741
v 0.246500 0.721463 0.054741
v 0.248500 0.719463 0.054741
v 0.246500 0.720877 0.053327
v 0.247654 0.720618 0.053586
v 0.247914 0.720877 0.054741
v 0.247914 0.719463 0.053327
v 0.246500 0.719463 0.143730
v 0.248500 0.719463 0.141730
v 0.246500 0.721463 0.141730
v 0.247914 0.719463 0.143144
v 0.247654 0.720618 0.142884
v 0.247914 0.720877 0.141730
v 0.246500 0.720877 0.143144
v 0.246500 0.719463 0.152333
v 0.246500 0.721463 0.154333
v 0.248500 0.719463 0.154333
v 0.246500 0.720877 0.152919
v 0.247654 0.720618 0.153178
v 0.247914 0.720877 0.154333
v 0.247914 0.719463 0.152919
v -0.246500 0.006862 -0.145901
v -0.246500 0.004862 -0.143901
v -0.248500 0.006862 -0.143901
v -0.246500 0.005448 -0.145315
v -0.247654 0.005707 -0.145056
v -0.247914 0.005448 -0.143901
v -0.247914 0.006862 -0.145315
v -0.246500 0.006862 -0.154435
v -0.248500 0.006862 -0.156435
v -0.246500 0.004862 -0.156435
v -0.247914 0.006862 -0.155021
v -0.247654 0.005707 -0.155281
v -0.247914 0.005448 -0.156435
v -0.246500 0.005448 -0.155021
v -0.246500 0.006862 -0.046662
v -0.246500 0.004862 -0.044662
v -0.248500 0.006862 -0.044662
v -0.246500 0.005448 -0.046076
v -0.247654 0.005707 -0.045817
v -0.247914 0.005448 -0.044662
v -0.247914 0.006862 -0.046076
v -0.246500 0.006862 -0.054874
v -0.248500 0.006862 -0.056874
v -0.246500 0.004862 -0.056874
v -0.247914 0.006862 -0.055460
v -0.247654 0.005707 -0.055720
v -0.247914 0.005448 -0.056874
v -0.246500 0.005448 -0.055460
v -0.246500 0.006862 0.052737
v -0.246500 0.004862 0.054737
v -0.248500 0.006862 0.054737
v -0.246500 0.005448 0.053322
v -0.247654 0.005707 0.053582
v -0.247914 0.005448 0.054737
v -0.247914 0.006862 0.053322
v -0.246500 0.006862 0.044526
v -0.248500 0.006862 0.042526
v -0.246500 0.004862 0.042526
v -0.247914 0.006862 0.043940
v -0.247654 0.005707 0.043681
v -0.247914 0.005448 0.042526
v -0.246500 0.005448 0.043940
v -0.246500 0.006862 0.152295
v -0.246500 0.004862 0.154295
v -0.248500 0.006862 0.154295
v -0.246500 0.005448 0.152881
v -0.247654 0.005707 0.153140
v -0.247914 0.005448 0.154295
v -0.247914 0.006862 0.152881
v -0.246500 0.006862 0.143767
v -0.248500 0.006862 0.141767
v -0.246500 0.004862 0.141767
v -0.247914 0.006862 0.143182
v -0.247654 0.005707 0.142922
v -0.247914 0.005448 0.141767
v -0.246500 0.005448 0.143182
v -0.246499 0.719463 0.143746
v -0.246499 0.721463 0.141746
v -0.248499 0.719463 0.141746
v -0.246499 0.720877 0.143161
v -0.247654 0.720618 0.142901
v -0.247914 0.720877 0.141746
v -0.247914 0.719463 0.143161
v -0.246499 0.719463 0.152316
v -0.248499 0.719463 0.154316
v -0.246499 0.721463 0.154316
v -0.247914 0.719463 0.152902
v -0.247654 0.720618 0.153161
v -0.247914 0.720877 0.154316
v -0.246499 0.720877 0.152902
v -0.246499 0.719463 0.044524
v -0.246499 0.721463 0.042524
v -0.248499 0.719463 0.042524
v -0.246499 0.720877 0.043938
v -0.247654 0.720618 0.043679
v -0.247914 0.720877 0.042524
v -0.247914 0.719463 0.043938
v -0.246499 0.719463 0.052739
v -0.248499 0.719463 0.054739
v -0.246499 0.721463 0.054739
v -0.247914 0.719463 0.053325
v -0.247654 0.720618 0.053584
v -0.247914 0.720877 0.054739
v -0.246499 0.720877 0.053325
v -0.246499 0.719463 -0.054877
v -0.246499 0.721463 -0.056877
v -0.248499 0.719463 -0.056877
v -0.246499 0.720877 -0.055463
v -0.247654 0.720618 -0.055722
v -0.247914 0.720877 -0.056877
v -0.247914 0.719463 -0.055463
v -0.246499 0.719463 -0.046660
v -0.248499 0.719463 -0.044660
v -0.246499 0.721463 -0.044660
v -0.247914 0.719463 -0.046074
v -0.247654 0.720618 -0.045815
v -0.247914 0.720877 -0.044660
v -0.246499 0.720877 -0.046074
v -0.246499 0.719463 -0.154457
v -0.246499 0.721463 -0.156457
v -0.248499 0.719463 -0.156457
v -0.246499 0.720877 -0.155042
v -0.247654 0.720618 -0.155302
v -0.247914 0.720877 -0.156457
v -0.247914 0.719463 -0.155042
v -0.246499 0.719463 -0.145880
v -0.248499 0.719463 -0.143880
v -0.246499 0.721463 -0.143880
v -0.247914 0.719463 -0.145294
v -0.247654 0.720618 -0.145035
v -0.247914 0.720877 -0.143880
v -0.246499 0.720877 -0.145294
v 0.144814 0.006862 -0.247568
v 0.142814 0.004862 -0.247568
v 0.142814 0.006862 -0.249568
v 0.144228 0.005448 -0.247568
v 0.143969 0.005707 -0.248723
v 0.142814 0.005448 -0.248982
v 0.144228 0.006862 -0.248982
v 0.153385 0.006862 -0.247568
v 0.155385 0.006862 -0.249568
v 0.155385 0.004862 -0.247568
v 0.153971 0.006862 -0.248982
v 0.154231 0.005707 -0.248723
v 0.155385 0.005448 -0.248982
v 0.153971 0.005448 -0.247568
v 0.045534 0.006862 -0.247568
v 0.043534 0.004862 -0.247568
v 0.043534 0.006862 -0.249568
v 0.044948 0.005448 -0.247568
v 0.044689 0.005707 -0.248723
v 0.043534 0.005448 -0.248982
v 0.044948 0.006862 -0.248982
v 0.053866 0.006862 -0.247568
v 0.055866 0.006862 -0.249568
v 0.055866 0.004862 -0.247568
v 0.054452 0.006862 -0.248982
v 0.054711 0.005707 -0.248723
v 0.055866 0.005448 -0.248982
v 0.054452 0.005448 -0.247568
v -0.053858 0.006862 -0.247568
v -0.055858 0.004862 -0.247568
v -0.055858 0.006862 -0.249568
v -0.054444 0.005448 -0.247568
v -0.054704 0.005707 -0.248723
v -0.055858 0.005448 -0.248982
v -0.054444 0.006862 -0.248982
v -0.045542 0.006862 -0.247568
v -0.043542 0.006862 -0.249568
v -0.043542 0.004862 -0.247568
v -0.044956 0.006862 -0.248982
v -0.044696 0.005707 -0.248723
v -0.043542 0.005448 -0.248982
v -0.044956 0.005448 -0.247568
v -0.153362 0.006862 -0.247568
v -0.155362 0.004862 -0.247568
v -0.155362 0.006862 -0.249568
v -0.153947 0.005448 -0.247568
v -0.154207 0.005707 -0.248723
v -0.155362 0.005448 -0.248982
v -0.153947 0.006862 -0.248982
v -0.144838 0.006862 -0.247568
v -0.142838 0.006862 -0.249568
v -0.142838 0.004862 -0.247568
v -0.144252 0.006862 -0.248982
v -0.143993 0.005707 -0.248723
v -0.142838 0.005448 -0.248982
v -0.144252 0.005448 -0.247568
v -0.144817 0.719463 -0.247568
v -0.142817 0.721463 -0.247568
v -0.142817 0.719463 -0.249568
v -0.144231 0.720877 -0.247568
v -0.143972 0.720618 -0.248723
v -0.142817 0.720877 -0.248982
v -0.144231 0.719463 -0.248982
v -0.153382 0.719463 -0.247568
v -0.155382 0.719463 -0.249568
v -0.155382 0.721463 -0.247568
v -0.153968 0.719463 -0.248982
v -0.154228 0.720618 -0.248723
v -0.155382 0.720877 -0.248982
v -0.153968 0.720877 -0.247568
v -0.045533 0.719463 -0.247568
v -0.043533 0.721463 -0.247568
v -0.043533 0.719463 -0.249568
v -0.044947 0.720877 -0.247568
v -0.044688 0.720618 -0.248723
v -0.043533 0.720877 -0.248982
v -0.044947 0.719463 -0.248982
v -0.053867 0.719463 -0.247568
v -0.055867 0.719463 -0.249568
v -0.055867 0.721463 -0.247568
v -0.054452 0.719463 -0.248982
v -0.054712 0.720618 -0.248723
v -0.055867 0.720877 -0.248982
v -0.054452 0.720877 -0.247568
v 0.053875 0.719463 -0.247568
v 0.055875 0.721463 -0.247568
v 0.055875 0.719463 -0.249568
v 0.054461 0.720877 -0.247568
v 0.054721 0.720618 -0.248723
v 0.055875 0.720877 -0.248982
v 0.054461 0.719463 -0.248982
v 0.045525 0.719463 -0.247568
v 0.043525 0.719463 -0.249568
v 0.043525 0.721463 -0.247568
v 0.044939 0.719463 -0.248982
v 0.044679 0.720618 -0.248723
v 0.043525 0.720877 -0.248982
v 0.044939 0.720877 -0.247568
v 0.153409 0.719463 -0.247568
v 0.155409 0.721463 -0.247568
v 0.155409 0.719463 -0.249568
v 0.153995 0.720877 -0.247568
v 0.154254 0.720618 -0.248723
v 0.155409 0.720877 -0.248982
v 0.153995 0.719463 -0.248982
v 0.144791 0.719463 -0.247568
v 0.142791 0.719463 -0.249568
v 0.142791 0.721463 -0.247568
v 0.144205 0.719463 -0.248982
v 0.143945 0.720618 -0.248723
v 0.142791 0.720877 -0.248982
v 0.144205 0.720877 -0.247568
v -0.144840 0.006862 0.245431
v -0.142840 0.004862 0.245431
v -0.142840 0.006862 0.247431
v -0.144254 0.005448 0.245431
v -0.143995 0.005707 0.246586
v -0.142840 0.005448 0.246845
v -0.144254 0.006862 0.246845
v -0.153360 0.006862 0.245431
v -0.155360 0.006862 0.247431
v -0.155360 0.004862 0.245431
v -0.153945 0.006862 0.246845
v -0.154205 0.005707 0.246586
v -0.155360 0.005448 0.246845
v -0.153945 0.005448 0.245431
v -0.045542 0.006862 0.245431
v -0.043542 0.004862 0.245431
v -0.043542 0.006862 0.247431
v -0.044956 0.005448 0.245431
v -0.044697 0.005707 0.246586
v -0.043542 0.005448 0.246845
v -0.044956 0.006862 0.246845
v -0.053858 0.006862 0.245431
v -0.055858 0.006862 0.247431
v -0.055858 0.004862 0.245431
v -0.054444 0.006862 0.246845
v -0.054703 0.005707 0.246586
v -0.055858 0.005448 0.246845
v -0.054444 0.005448 0.245431
v 0.053865 0.006862 0.245431
v 0.055865 0.004862 0.245431
v 0.055865 0.006862 0.247431
v 0.054451 0.005448 0.245431
v 0.054711 0.005707 0.246586
v 0.055865 0.005448 0.246845
v 0.054451 0.006862 0.246845
v 0.045534 0.006862 0.245431
v 0.043534 0.006862 0.247431
v 0.043534 0.004862 0.245431
v 0.044949 0.006862 0.246845
v 0.044689 0.005707 0.246586
v 0.043534 0.005448 0.246845
v 0.044949 0.005448 0.245431
v 0.153383 0.006862 0.245431
v 0.155383 0.004862 0.245431
v 0.155383 0.006862 0.247431
v 0.153969 0.005448 0.245431
v 0.154228 0.005707 0.246586
v 0.155383 0.005448 0.246845
v 0.153969 0.006862 0.246845
v 0.144816 0.006862 0.245431
v 0.142816 0.006862 0.247431
v 0.142816 0.004862 0.245431
v 0.144230 0.006862 0.246845
v 0.143971 0.005707 0.246586
v 0.142816 0.005448 0.246845
v 0.144230 0.005448 0.245431
v 0.144793 0.719463 0.245431
v 0.142793 0.721463 0.245431
v 0.142793 0.719463 0.247431
v 0.144207 0.720877 0.245431
v 0.143948 0.720618 0.246586
v 0.142793 0.720877 0.246845
v 0.144207 0.719463 0.246845
v 0.153407 0.719463 0.245431
v 0.155407 0.719463 0.247431
v 0.155407 0.721463 0.245431
v 0.153992 0.719463 0.246845
v 0.154252 0.720618 0.246586
v 0.155407 0.720877 0.246845
v 0.153992 0.720877 0.245431
v 0.045525 0.719463 0.245431
v 0.043525 0.721463 0.245431
v 0.043525 0.719463 0.247431
v 0.044939 0.720877 0.245431
v 0.044680 0.720618 0.246586
v 0.043525 0.720877 0.246845
v 0.044939 0.719463 0.246845
v 0.053875 0.719463 0.245431
v 0.055875 0.719463 0.247431
v 0.055875 0.721463 0.245431
v 0.054461 0.719463 0.246845
v 0.054720 0.720618 0.246586
v 0.055875 0.720877 0.246845
v 0.054461 0.720877 0.245431
v -0.053866 0.719463 0.245431
v -0.055866 0.721463 0.245431
v -0.055866 0.719463 0.247431
v -0.054452 0.720877 0.245431
v -0.054712 0.720618 0.246586
v -0.055866 0.720877 0.246845
v -0.054452 0.719463 0.246845
v -0.045533 0.719463 0.245431
v -0.043533 0.719463 0.247431
v -0.043533 0.721463 0.245431
v -0.044947 0.719463 0.246845
v -0.044688 0.720618 0.246586
v -0.043533 0.720877 0.246845
v -0.044947 0.720877 0.245431
v -0.153380 0.719463 0.245431
v -0.155380 0.721463 0.245431
v -0.155380 0.719463 0.247431
v -0.153966 0.720877 0.245431
v -0.154225 0.720618 0.246586
v -0.155380 0.720877 0.246845
v -0.153966 0.719463 0.246845
v -0.144819 0.719463 0.245431
v -0.142819 0.719463 0.247431
v -0.142819 0.721463 0.245431
v -0.144233 0.719463 0.246845
v -0.143974 0.720618 0.246586
v -0.142819 0.720877 0.246845
v -0.144233 0.720877 0.245431
v -0.231512 0.006862 -0.229363
v -0.237913 0.004862 -0.238981
v -0.229644 0.006862 -0.231231
v -0.232233 0.005448 -0.231458
v -0.231655 0.005707 -0.231374
v -0.231739 0.005448 -0.231952
v -0.231018 0.006862 -0.230737
v -0.229644 0.719463 -0.231231
v -0.237913 0.721463 -0.238981
v -0.231512 0.719463 -0.229363
v -0.231738 0.720877 -0.231952
v -0.231655 0.720618 -0.231374
v -0.232233 0.720877 -0.231458
v -0.231017 0.719463 -0.230737
v 0.229232 0.006862 -0.230473
v 0.227364 0.006862 -0.232341
v 0.231501 0.004862 -0.234610
v 0.228738 0.006862 -0.231846
v 0.229375 0.005707 -0.232484
v 0.229459 0.005448 -0.233062
v 0.229953 0.005448 -0.232568
v 0.227364 0.719463 -0.232341
v 0.229232 0.719463 -0.230473
v 0.231501 0.721463 -0.234610
v 0.228738 0.719463 -0.231847
v 0.229376 0.720618 -0.232484
v 0.229954 0.720877 -0.232568
v 0.229459 0.720877 -0.233062
v -0.229259 0.006862 0.226998
v -0.233395 0.004862 0.229267
v -0.231127 0.006862 0.225130
v -0.231353 0.005448 0.227719
v -0.231270 0.005707 0.227141
v -0.231848 0.005448 0.227225
v -0.230632 0.006862 0.226504
v -0.229258 0.719463 0.226998
v -0.231127 0.719463 0.225130
v -0.233395 0.721463 0.229267
v -0.230632 0.719463 0.226504
v -0.231270 0.720618 0.227141
v -0.231848 0.720877 0.227225
v -0.231353 0.720877 0.227719
v 0.227656 0.006862 0.228018
v 0.229524 0.006862 0.226150
v 0.231793 0.004862 0.230287
v 0.229029 0.006862 0.227524
v 0.229667 0.005707 0.228161
v 0.230245 0.005448 0.228245
v 0.229750 0.005448 0.228739
v 0.227656 0.719463 0.228018
v 0.231793 0.721463 0.230287
v 0.229524 0.719463 0.226150
v 0.229751 0.720877 0.228739
v 0.229667 0.720618 0.228161
v 0.230245 0.720877 0.228245
v 0.229030 0.719463 0.227524
v 0.232499 0.006862 0.152310
v 0.232632 0.004862 0.154310
v 0.230627 0.006862 0.154306
v 0.232539 0.005448 0.152897
v 0.231400 0.005707 0.153154
v 0.231215 0.005448 0.154308
v 0.231122 0.006862 0.152894
v 0.232499 0.006862 0.143752
v 0.230499 0.006862 0.141752
v 0.232499 0.004862 0.141752
v 0.231085 0.006862 0.143167
v 0.231345 0.005707 0.142907
v 0.231085 0.005448 0.141752
v 0.232499 0.005448 0.143167
v 0.232499 0.006862 0.052738
v 0.232499 0.004862 0.054738
v 0.230499 0.006862 0.054739
v 0.232499 0.005448 0.053324
v 0.231345 0.005707 0.053584
v 0.231085 0.005448 0.054738
v 0.231085 0.006862 0.053324
v 0.232499 0.006862 0.044525
v 0.230499 0.006862 0.042524
v 0.232499 0.004862 0.042524
v 0.231085 0.006862 0.043939
v 0.231345 0.005707 0.043679
v 0.231085 0.005448 0.042524
v 0.232499 0.005448 0.043939
v 0.232499 0.006862 -0.046660
v 0.232499 0.004862 -0.044660
v 0.230499 0.006862 -0.044660
v 0.232499 0.005448 -0.046075
v 0.231345 0.005707 -0.045815
v 0.231085 0.005448 -0.044660
v 0.231085 0.006862 -0.046075
v 0.232499 0.006862 -0.054876
v 0.230499 0.006862 -0.056876
v 0.232499 0.004862 -0.056876
v 0.231085 0.006862 -0.055462
v 0.231345 0.005707 -0.055722
v 0.231085 0.005448 -0.056876
v 0.232499 0.005448 -0.055462
v 0.232499 0.006862 -0.145886
v 0.232499 0.004862 -0.143886
v 0.230499 0.006862 -0.143886
v 0.232499 0.005448 -0.145300
v 0.231345 0.005707 -0.145041
v 0.231085 0.005448 -0.143886
v 0.231085 0.006862 -0.145300
v 0.232499 0.006862 -0.154450
v 0.230627 0.006862 -0.156446
v 0.232632 0.004862 -0.156450
v 0.231122 0.006862 -0.155034
v 0.231400 0.005707 -0.155295
v 0.231215 0.005448 -0.156448
v 0.232539 0.005448 -0.155037
v 0.232500 0.719463 -0.154473
v 0.232632 0.721463 -0.156474
v 0.230627 0.719463 -0.156469
v 0.232539 0.720877 -0.155060
v 0.231400 0.720618 -0.155318
v 0.231215 0.720877 -0.156471
v 0.231122 0.719463 -0.155057
v 0.232500 0.719463 -0.145863
v 0.230500 0.719463 -0.143863
v 0.232500 0.721463 -0.143863
v 0.231085 0.719463 -0.145277
v 0.231345 0.720618 -0.145018
v 0.231085 0.720877 -0.143863
v 0.232500 0.720877 -0.145277
v 0.232500 0.719463 -0.054879
v 0.232500 0.721463 -0.056879
v 0.230500 0.719463 -0.056879
v 0.232500 0.720877 -0.055465
v 0.231345 0.720618 -0.055724
v 0.231085 0.720877 -0.056879
v 0.231085 0.719463 -0.055465
v 0.232500 0.719463 -0.046658
v 0.230500 0.719463 -0.044658
v 0.232500 0.721463 -0.044658
v 0.231085 0.719463 -0.046072
v 0.231345 0.720618 -0.045812
v 0.231085 0.720877 -0.044658
v 0.232500 0.720877 -0.046072
v 0.232500 0.719463 0.044522
v 0.232500 0.721463 0.042522
v 0.230500 0.719463 0.042522
v 0.232500 0.720877 0.043936
v 0.231345 0.720618 0.043677
v 0.231085 0.720877 0.042522
v 0.231085 0.719463 0.043936
v 0.232500 0.719463 0.052741
v 0.230500 0.719463 0.054741
v 0.232500 0.721463 0.054741
v 0.231085 0.719463 0.053327
v 0.231345 0.720618 0.053586
v 0.231085 0.720877 0.054741
v 0.232500 0.720877 0.053327
v 0.232500 0.719463 0.143730
v 0.232500 0.721463 0.141730
v 0.230500 0.719463 0.141730
v 0.232500 0.720877 0.143144
v 0.231345 0.720618 0.142884
v 0.231085 0.720877 0.141730
v 0.231085 0.719463 0.143144
v 0.232500 0.719463 0.152333
v 0.230627 0.719463 0.154329
v 0.232632 0.721463 0.154333
v 0.231122 0.719463 0.152917
v 0.231400 0.720618 0.153177
v 0.231215 0.720877 0.154331
v 0.232539 0.720877 0.152920
v -0.232500 0.006862 -0.145901
v -0.230500 0.006862 -0.143901
v -0.232500 0.004862 -0.143901
v -0.231085 0.006862 -0.145315
v -0.231345 0.005707 -0.145056
v -0.231085 0.005448 -0.143901
v -0.232500 0.005448 -0.145315
v -0.232500 0.006862 -0.154435
v -0.232632 0.004862 -0.156435
v -0.230627 0.006862 -0.156431
v -0.232539 0.005448 -0.155022
v -0.231400 0.005707 -0.155280
v -0.231215 0.005448 -0.156433
v -0.231122 0.006862 -0.155019
v -0.232500 0.006862 -0.046662
v -0.230500 0.006862 -0.044662
v -0.232500 0.004862 -0.044662
v -0.231085 0.006862 -0.046076
v -0.231345 0.005707 -0.045817
v -0.231085 0.005448 -0.044662
v -0.232500 0.005448 -0.046076
v -0.232500 0.006862 -0.054874
v -0.232500 0.004862 -0.056874
v -0.230500 0.006862 -0.056874
v -0.232500 0.005448 -0.055460
v -0.231345 0.005707 -0.055720
v -0.231085 0.005448 -0.056874
v -0.231085 0.006862 -0.055460
v -0.232500 0.006862 0.052737
v -0.230500 0.006862 0.054737
v -0.232500 0.004862 0.054737
v -0.231085 0.006862 0.053322
v -0.231345 0.005707 0.053582
v -0.231085 0.005448 0.054737
v -0.232500 0.005448 0.053322
v -0.232500 0.006862 0.044526
v -0.232500 0.004862 0.042526
v -0.230500 0.006862 0.042526
v -0.232500 0.005448 0.043940
v -0.231345 0.005707 0.043681
v -0.231085 0.005448 0.042526
v -0.231085 0.006862 0.043940
v -0.232500 0.006862 0.152295
v -0.230627 0.006862 0.154291
v -0.232632 0.004862 0.154295
v -0.231122 0.006862 0.152879
v -0.231400 0.005707 0.153139
v -0.231215 0.005448 0.154293
v -0.232539 0.005448 0.152882
v -0.232500 0.006862 0.143767
v -0.232500 0.004862 0.141767
v -0.230500 0.006862 0.141767
v -0.232500 0.005448 0.143182
v -0.231345 0.005707 0.142922
v -0.231085 0.005448 0.141767
v -0.231085 0.006862 0.143182
v -0.232499 0.719463 0.143746
v -0.230499 0.719463 0.141746
v -0.232499 0.721463 0.141746
v -0.231085 0.719463 0.143161
v -0.231345 0.720618 0.142901
v -0.231085 0.720877 0.141746
v -0.232499 0.720877 0.143161
v -0.232499 0.719463 0.152316
v -0.232631 0.721463 0.154316
v -0.230627 0.719463 0.154312
v -0.232539 0.720877 0.152903
v -0.231400 0.720618 0.153161
v -0.231215 0.720877 0.154314
v -0.231122 0.719463 0.152900
v -0.232499 0.719463 0.044524
v -0.230499 0.719463 0.042524
v -0.232499 0.721463 0.042524
v -0.231085 0.719463 0.043938
v -0.231345 0.720618 0.043679
v -0.231085 0.720877 0.042524
v -0.232499 0.720877 0.043938
v -0.232499 0.719463 0.052739
v -0.232499 0.721463 0.054739
v -0.230499 0.719463 0.054739
v -0.232499 0.720877 0.053325
v -0.231345 0.720618 0.053584
v -0.231085 0.720877 0.054739
v -0.231085 0.719463 0.053325
v -0.232499 0.719463 -0.054877
v -0.230499 0.719463 -0.056877
v -0.232499 0.721463 -0.056877
v -0.231085 0.719463 -0.055463
v -0.231345 0.720618 -0.055722
v -0.231085 0.720877 -0.056877
v -0.232499 0.720877 -0.055463
v -0.232499 0.719463 -0.046660
v -0.232499 0.721463 -0.044660
v -0.230499 0.719463 -0.044660
v -0.232499 0.720877 -0.046074
v -0.231345 0.720618 -0.045815
v -0.231085 0.720877 -0.044660
v -0.231085 0.719463 -0.046074
v -0.232499 0.719463 -0.154457
v -0.230627 0.719463 -0.156453
v -0.232632 0.721463 -0.156457
v -0.231122 0.719463 -0.155040
v -0.231400 0.720618 -0.155301
v -0.231215 0.720877 -0.156455
v -0.232539 0.720877 -0.155043
v -0.232499 0.719463 -0.145880
v -0.232499 0.721463 -0.143880
v -0.230499 0.719463 -0.143880
v -0.232499 0.720877 -0.145294
v -0.231345 0.720618 -0.145035
v -0.231085 0.720877 -0.143880
v -0.231085 0.719463 -0.145294
v 0.144814 0.006862 -0.233568
v 0.142814 0.006862 -0.231568
v 0.142814 0.004862 -0.233568
v 0.144228 0.006862 -0.232154
v 0.143969 0.005707 -0.232413
v 0.142814 0.005448 -0.232154
v 0.144228 0.005448 -0.233568
v 0.153385 0.006862 -0.233568
v 0.155385 0.004862 -0.233700
v 0.155381 0.006862 -0.231696
v 0.153972 0.005448 -0.233607
v 0.154230 0.005707 -0.232468
v 0.155383 0.005448 -0.232284
v 0.153969 0.006862 -0.232190
v 0.045534 0.006862 -0.233568
v 0.043534 0.006862 -0.231568
v 0.043534 0.004862 -0.233568
v 0.044948 0.006862 -0.232154
v 0.044689 0.005707 -0.232413
v 0.043534 0.005448 -0.232154
v 0.044948 0.005448 -0.233568
v 0.053866 0.006862 -0.233568
v 0.055866 0.004862 -0.233568
v 0.055866 0.006862 -0.231568
v 0.054451 0.005448 -0.233568
v 0.054711 0.005707 -0.232413
v 0.055866 0.005448 -0.232154
v 0.054452 0.006862 -0.232154
v -0.053858 0.006862 -0.233568
v -0.055858 0.006862 -0.231568
v -0.055858 0.004862 -0.233568
v -0.054444 0.006862 -0.232154
v -0.054704 0.005707 -0.232413
v -0.055858 0.005448 -0.232154
v -0.054444 0.005448 -0.233568
v -0.045542 0.006862 -0.233568
v -0.043542 0.004862 -0.233568
v -0.043542 0.006862 -0.231568
v -0.044956 0.005448 -0.233568
v -0.044696 0.005707 -0.232413
v -0.043542 0.005448 -0.232154
v -0.044956 0.006862 -0.232154
v -0.153362 0.006862 -0.233568
v -0.155358 0.006862 -0.231696
v -0.155362 0.004862 -0.233700
v -0.153945 0.006862 -0.232190
v -0.154206 0.005707 -0.232468
v -0.155360 0.005448 -0.232284
v -0.153948 0.005448 -0.233608
v -0.144838 0.006862 -0.233568
v -0.142838 0.004862 -0.233568
v -0.142838 0.006862 -0.231568
v -0.144252 0.005448 -0.233568
v -0.143993 0.005707 -0.232413
v -0.142838 0.005448 -0.232154
v -0.144252 0.006862 -0.232154
v -0.144817 0.719463 -0.233568
v -0.142817 0.719463 -0.231568
v -0.142817 0.721463 -0.233568
v -0.144231 0.719463 -0.232154
v -0.143972 0.720618 -0.232413
v -0.142817 0.720877 -0.232154
v -0.144231 0.720877 -0.233568
v -0.153382 0.719463 -0.233568
v -0.155382 0.721463 -0.233700
v -0.155378 0.719463 -0.231696
v -0.153969 0.720877 -0.233608
v -0.154227 0.720618 -0.232468
v -0.155380 0.720877 -0.232284
v -0.153966 0.719463 -0.232190
v -0.045533 0.719463 -0.233568
v -0.043533 0.719463 -0.231568
v -0.043533 0.721463 -0.233568
v -0.044947 0.719463 -0.232154
v -0.044688 0.720618 -0.232413
v -0.043533 0.720877 -0.232154
v -0.044947 0.720877 -0.233568
v -0.053867 0.719463 -0.233568
v -0.055867 0.721463 -0.233568
v -0.055867 0.719463 -0.231568
v -0.054452 0.720877 -0.233568
v -0.054712 0.720618 -0.232413
v -0.055867 0.720877 -0.232154
v -0.054452 0.719463 -0.232154
v 0.053875 0.719463 -0.233568
v 0.055875 0.719463 -0.231568
v 0.055875 0.721463 -0.233568
v 0.054461 0.719463 -0.232154
v 0.054721 0.720618 -0.232413
v 0.055875 0.720877 -0.232154
v 0.054461 0.720877 -0.233568
v 0.045525 0.719463 -0.233568
v 0.043525 0.721463 -0.233568
v 0.043525 0.719463 -0.231568
v 0.044939 0.720877 -0.233568
v 0.044679 0.720618 -0.232413
v 0.043525 0.720877 -0.232154
v 0.044939 0.719463 -0.232154
v 0.153409 0.719463 -0.233568
v 0.155405 0.719463 -0.231696
v 0.155409 0.721463 -0.233700
v 0.153993 0.719463 -0.232190
v 0.154253 0.720618 -0.232468
v 0.155407 0.720877 -0.232284
v 0.153996 0.720877 -0.233608
v 0.144791 0.719463 -0.233568
v 0.142791 0.721463 -0.233568
v 0.142791 0.719463 -0.231568
v 0.144205 0.720877 -0.233568
v 0.143945 0.720618 -0.232413
v 0.142791 0.720877 -0.232154
v 0.144205 0.719463 -0.232154
v -0.144840 0.006862 0.231431
v -0.142840 0.006862 0.229431
v -0.142840 0.004862 0.231431
v -0.144254 0.006862 0.230017
v -0.143995 0.005707 0.230276
v -0.142840 0.005448 0.230017
v -0.144254 0.005448 0.231431
v -0.153360 0.006862 0.231431
v -0.155360 0.004862 0.231563
v -0.155356 0.006862 0.229559
v -0.153946 0.005448 0.231471
v -0.154204 0.005707 0.230331
v -0.155358 0.005448 0.230147
v -0.153943 0.006862 0.230053
v -0.045542 0.006862 0.231431
v -0.043542 0.006862 0.229431
v -0.043542 0.004862 0.231431
v -0.044956 0.006862 0.230017
v -0.044697 0.005707 0.230276
v -0.043542 0.005448 0.230017
v -0.044956 0.005448 0.231431
v -0.053858 0.006862 0.231431
v -0.055858 0.004862 0.231431
v -0.055858 0.006862 0.229431
v -0.054444 0.005448 0.231431
v -0.054703 0.005707 0.230276
v -0.055858 0.005448 0.230017
v -0.054444 0.006862 0.230017
v 0.053865 0.006862 0.231431
v 0.055865 0.006862 0.229431
v 0.055865 0.004862 0.231431
v 0.054451 0.006862 0.230017
v 0.054711 0.005707 0.230276
v 0.055865 0.005448 0.230017
v 0.054451 0.005448 0.231431
v 0.045534 0.006862 0.231431
v 0.043534 0.004862 0.231431
v 0.043534 0.006862 0.229431
v 0.044949 0.005448 0.231431
v 0.044689 0.005707 0.230276
v 0.043534 0.005448 0.230017
v 0.044949 0.006862 0.230017
v 0.153383 0.006862 0.231431
v 0.155379 0.006862 0.229559
v 0.155383 0.004862 0.231563
v 0.153967 0.006862 0.230053
v 0.154228 0.005707 0.230331
v 0.155381 0.005448 0.230147
v 0.153970 0.005448 0.231471
v 0.144816 0.006862 0.231431
v 0.142816 0.004862 0.231431
v 0.142816 0.006862 0.229431
v 0.144230 0.005448 0.231431
v 0.143971 0.005707 0.230276
v 0.142816 0.005448 0.230017
v 0.144230 0.006862 0.230017
v 0.144793 0.719463 0.231431
v 0.142793 0.719463 0.229431
v 0.142793 0.721463 0.231431
v 0.144207 0.719463 0.230017
v 0.143948 0.720618 0.230276
v 0.142793 0.720877 0.230017
v 0.144207 0.720877 0.231431
v 0.153407 0.719463 0.231431
v 0.155407 0.721463 0.231563
v 0.155402 0.719463 0.229559
v 0.153993 0.720877 0.231471
v 0.154251 0.720618 0.230331
v 0.155405 0.720877 0.230147
v 0.153990 0.719463 0.230053
v 0.045525 0.719463 0.231431
v 0.043525 0.719463 0.229431
v 0.043525 0.721463 0.231431
v 0.044939 0.719463 0.230017
v 0.044680 0.720618 0.230276
v 0.043525 0.720877 0.230017
v 0.044939 0.720877 0.231431
v 0.053875 0.719463 0.231431
v 0.055875 0.721463 0.231431
v 0.055875 0.719463 0.229431
v 0.054461 0.720877 0.231431
v 0.054720 0.720618 0.230276
v 0.055875 0.720877 0.230017
v 0.054461 0.719463 0.230017
v -0.053866 0.719463 0.231431
v -0.055866 0.719463 0.229431
v -0.055866 0.721463 0.231431
v -0.054452 0.719463 0.230017
v -0.054712 0.720618 0.230276
v -0.055866 0.720877 0.230017
v -0.054452 0.720877 0.231431
v -0.045533 0.719463 0.231431
v -0.043533 0.721463 0.231431
v -0.043533 0.719463 0.229431
v -0.044947 0.720877 0.231431
v -0.044688 0.720618 0.230276
v -0.043533 0.720877 0.230017
v -0.044947 0.719463 0.230017
v -0.153380 0.719463 0.231431
v -0.155376 0.719463 0.229559
v -0.155380 0.721463 0.231563
v -0.153964 0.719463 0.230053
v -0.154225 0.720618 0.230331
v -0.155378 0.720877 0.230147
v -0.153967 0.720877 0.231471
v -0.144819 0.719463 0.231431
v -0.142819 0.721463 0.231431
v -0.142819 0.719463 0.229431
v -0.144233 0.720877 0.231431
v -0.143974 0.720618 0.230276
v -0.142819 0.720877 0.230017
v -0.144233 0.719463 0.230017
vn -0.0065 -0.9993 -0.0379
vn 0.0065 -0.9993 -0.0379
vn 0.0065 -0.9993 0.0379
vn -0.0065 -0.9993 0.0379
vn -0.0065 -0.9993 0.0378
vn -0.0378 -0.9993 0.0065
vn -0.0378 -0.9993 -0.0065
vn 0.0378 -0.9993 -0.0065
vn 0.0378 -0.9993 0.0065
vn 0.0247 -0.9994 -0.0247
vn 0.0484 -0.9988 0.0079
vn -0.0474 -0.9989 0.0029
vn -0.0237 -0.9993 0.0273
vn -0.0379 -0.9993 0.0065
vn -0.0379 -0.9993 -0.0065
vn 0.0379 -0.9993 -0.0065
vn 0.0379 -0.9993 0.0065
vn -0.0484 -0.9988 0.0079
vn -0.0247 -0.9994 -0.0247
vn -0.0062 -1.0000 -0.0045
vn -0.0154 -0.9999 0.0071
vn -0.0247 -0.9994 0.0247
vn -0.0484 -0.9988 -0.0079
vn 0.0461 -0.9989 -0.0036
vn 0.0288 -0.9993 -0.0236
vn 0.0247 -0.9994 0.0247
vn -0.0079 -0.9988 0.0484
vn -0.0028 -0.9989 -0.0475
vn -0.0268 -0.9993 -0.0260
vn -0.0063 -0.0008 -1.0000
vn -0.0063 0.0009 -1.0000
vn 0.0064 0.0008 -1.0000
vn 0.0063 -0.0009 -1.0000
vn 0.0079 -0.9988 -0.0484
vn 0.0092 -0.9996 -0.0254
vn 0.0079 -0.9988 0.0484
vn 0.0144 -0.9994 -0.0325
vn 1.0000 -0.0008 -0.0064
vn 1.0000 0.0009 -0.0064
vn 1.0000 0.0008 0.0063
vn 1.0000 -0.0009 0.0063
vn -0.0067 -0.0008 1.0000
vn 0.0066 -0.0009 1.0000
vn 0.0067 0.0008 1.0000
vn -0.0066 0.0009 1.0000
vn 0.0067 -0.0008 -1.0000
vn -0.0066 -0.0009 -1.0000
vn -0.0067 0.0008 -1.0000
vn 0.0066 0.0009 -1.0000
vn 1.0000 -0.0008 0.0067
vn 1.0000 -0.0008 -0.0067
vn 1.0000 0.0009 -0.0067
vn 1.0000 0.0009 0.0066
vn -0.0032 -0.0174 -0.9998
vn 0.0053 -0.0152 -0.9999
vn 0.0069 0.0143 -0.9999
vn -0.0044 0.0186 -0.9998
vn 1.0000 -0.0009 0.0066
vn 1.0000 -0.0009 -0.0067
vn -0.9999 -0.0124 -0.0033
vn -0.9998 -0.0158 -0.0128
vn -0.9998 0.0148 -0.0118
vn -0.9999 0.0131 -0.0045
vn 0.0067 -0.0008 1.0000
vn -0.0067 0.0008 1.0000
vn 0.0017 -0.0127 -0.9999
vn 0.0115 -0.0162 -0.9998
vn 0.0104 0.0152 -0.9998
vn 0.0030 0.0135 -0.9999
vn -1.0000 -0.0008 -0.0067
vn -1.0000 -0.0008 0.0067
vn -1.0000 0.0009 0.0067
vn -1.0000 0.0008 -0.0067
vn -1.0000 0.0008 0.0067
vn -1.0000 0.0009 -0.0066
vn 1.0000 -0.0009 0.0067
vn 1.0000 0.0008 0.0067
vn 0.0269 -0.0102 0.9996
vn 0.0219 -0.0092 0.9997
vn 0.0212 0.0088 0.9997
vn 0.0275 0.0109 0.9996
vn -0.0067 -0.0008 -1.0000
vn 0.0067 0.0008 -1.0000
vn 0.9995 -0.0097 -0.0285
vn 0.9997 -0.0088 -0.0239
vn 0.9997 0.0084 -0.0232
vn 0.9995 0.0103 -0.0292
vn 0.9998 -0.0090 0.0199
vn 0.9996 -0.0112 0.0265
vn 0.9996 0.0105 0.0258
vn 0.9997 0.0095 0.0207
vn -1.0000 -0.0009 -0.0066
vn -1.0000 -0.0009 0.0066
vn -1.0000 0.0009 0.0066
vn -0.9998 -0.0142 0.0137
vn -0.9999 -0.0126 0.0067
vn -0.9999 0.0119 0.0055
vn -0.9998 0.0152 0.0147
vn -0.0379 0.9993 -0.0065
vn -0.0379 0.9993 0.0065
vn 0.0379 0.9993 0.0065
vn 0.0379 0.9993 -0.0065
vn -0.0380 0.0009 0.9993
vn -0.0380 -0.0008 0.9993
vn 0.0380 -0.0009 0.9993
vn 0.0380 0.0009 0.9993
vn -0.0380 -0.0008 -0.9993
vn -0.0380 0.0008 -0.9993
vn 0.0379 0.0009 -0.9993
vn 0.0379 -0.0008 -0.9993
vn -1.0000 -0.0009 0.0067
vn -0.0380 -0.0009 -0.9993
vn 0.0380 0.0009 -0.9993
vn 0.0380 -0.0008 -0.9993
vn -1.0000 0.0009 -0.0067
vn -1.0000 -0.0009 -0.0067
vn 0.0380 -0.0008 0.9993
vn -0.0379 0.0009 0.9993
vn 0.0380 0.0008 0.9993
vn 1.0000 0.0008 -0.0067
vn -0.0380 -0.0009 0.9993
vn 1.0000 -0.0009 -0.0066
vn 1.0000 0.0009 -0.0066
vn -0.0065 0.9993 0.0379
vn 0.0065 0.9993 0.0378
vn 0.0065 0.9993 -0.0379
vn -0.0065 0.9993 -0.0379
vn 0.9993 0.0009 0.0380
vn 0.9993 -0.0008 0.0380
vn 0.9993 -0.0008 -0.0380
vn 0.9993 0.0009 -0.0380
vn -0.9993 -0.0008 0.0380
vn -0.9993 0.0009 0.0380
vn -0.9993 0.0009 -0.0379
vn -0.9993 -0.0008 -0.0380
vn -0.9993 0.0009 -0.0380
vn -0.9993 0.0008 0.0380
vn 0.0065 0.9993 0.0379
vn 0.9993 0.0008 -0.0380
vn 0.0247 0.9994 0.0247
vn 0.0484 0.9988 -0.0079
vn -0.0472 0.9989 -0.0029
vn -0.0268 0.9993 -0.0260
vn 0.0484 -0.9988 -0.0079
vn -0.0346 -0.9993 -0.0127
vn -0.0380 0.0009 -0.9993
vn -0.0079 0.9988 0.0484
vn -0.0132 0.9993 -0.0340
vn 0.0380 -0.0009 -0.9993
vn 0.0378 0.9993 0.0065
vn 0.0378 0.9993 -0.0065
vn 0.0484 0.9988 0.0079
vn 0.0134 0.9992 -0.0368
vn -0.0272 0.9993 0.0239
vn -0.0342 0.9993 0.0130
vn -0.0079 -0.9988 -0.0484
vn -0.0105 -0.9992 0.0374
vn -0.0079 0.9988 -0.0485
vn -0.0037 0.9989 0.0460
vn 0.0063 -0.0008 1.0000
vn 0.0063 0.0009 1.0000
vn -0.0063 0.0008 1.0000
vn -0.0063 -0.0009 1.0000
vn -0.0379 -0.0008 -0.9993
vn -0.0379 0.0009 -0.9993
vn -1.0000 -0.0009 0.0064
vn -1.0000 0.0009 0.0064
vn -1.0000 0.0009 -0.0064
vn -1.0000 -0.0009 -0.0064
vn -0.0247 0.9994 -0.0247
vn -0.0484 0.9988 0.0079
vn -0.0172 0.9998 0.0086
vn -0.0062 1.0000 -0.0045
vn 0.0379 -0.0008 0.9993
vn 0.0079 0.9988 -0.0485
vn 0.0075 0.9997 -0.0234
vn -0.0378 0.9993 -0.0065
vn -0.0378 0.9993 0.0065
vn -0.0484 0.9988 -0.0078
vn -0.0423 0.9991 0.0089
vn 0.0276 0.9993 -0.0247
vn 0.0372 0.9993 -0.0107
vn 0.0079 0.9988 0.0484
vn 0.0024 0.9988 -0.0482
vn -1.0000 -0.0009 0.0063
vn -1.0000 0.0009 0.0063
vn -0.0064 0.0008 1.0000
vn -0.0063 -0.0008 1.0000
vn 1.0000 0.0009 0.0063
vn 1.0000 -0.0008 0.0063
vn -0.9993 -0.0008 0.0379
vn -0.9993 -0.0009 0.0380
vn 0.9993 -0.0008 -0.0379
vn -0.0114 -0.0108 0.9999
vn -0.0194 -0.0136 0.9997
vn -0.0186 0.0128 0.9997
vn -0.0124 0.0114 0.9999
vn 0.9993 -0.0009 -0.0380
vn -0.7071 -0.0007 -0.7071
vn -0.5773 -0.5773 -0.5774
vn -0.7071 -0.7071 -0.0047
vn -0.0063 -0.0009 -1.0000
vn -0.0046 -0.7071 -0.7071
vn -0.0064 0.0008 -1.0000
vn -0.7071 0.0007 -0.7071
vn -0.5773 0.5773 -0.5774
vn -0.0046 0.7071 -0.7071
vn -0.7071 0.7071 -0.0047
vn 0.7071 -0.7071 -0.0047
vn 0.5773 -0.5773 -0.5774
vn 0.7071 -0.0007 -0.7071
vn 0.0046 -0.7071 -0.7071
vn 0.0046 0.7071 -0.7071
vn 0.5773 0.5773 -0.5774
vn 0.7071 0.0007 -0.7071
vn 0.7071 0.7071 -0.0047
vn -0.7072 -0.0007 0.7071
vn -0.5773 -0.5773 0.5774
vn -0.0046 -0.7071 0.7071
vn -0.7071 -0.7071 0.0046
vn -0.0046 0.7071 0.7071
vn -0.5773 0.5773 0.5774
vn -0.7071 0.0007 0.7071
vn -0.7071 0.7071 0.0046
vn 0.0046 -0.7071 0.7071
vn 0.5773 -0.5773 0.5774
vn 0.7071 -0.0007 0.7071
vn 0.7071 -0.7071 0.0046
vn 0.7071 0.0007 0.7071
vn 0.5773 0.5773 0.5774
vn 0.0046 0.7071 0.7071
vn 0.7071 0.7071 0.0046
vn 0.7071 -0.0006 -0.7072
vn 0.0281 -0.7062 -0.7075
vn 0.0280 -0.7068 0.7068
vn 0.5774 -0.5774 0.5773
vn 0.7071 -0.7071 0.0049
vn 0.5774 -0.5773 -0.5774
vn 0.0280 -0.7068 -0.7068
vn 0.7071 -0.7071 -0.0049
vn 0.7071 -0.7071 0.0048
vn 0.5774 -0.5774 -0.5773
vn 0.7071 -0.7071 -0.0048
vn 0.0280 -0.7069 0.7068
vn 0.0281 -0.7062 0.7075
vn 0.7071 -0.0006 0.7071
vn 0.7071 -0.7071 0.0047
vn 0.7072 0.0007 0.7070
vn 0.5774 0.5774 0.5773
vn 0.0281 0.7062 0.7075
vn 0.7071 0.7071 0.0047
vn 0.0280 0.7069 -0.7068
vn 0.5773 0.5774 -0.5774
vn 0.7071 0.7071 -0.0049
vn 0.0280 0.7068 0.7068
vn 0.7071 0.7071 0.0049
vn 0.0280 0.7068 -0.7068
vn 0.5774 0.5774 -0.5773
vn 0.7071 0.7071 -0.0048
vn 0.5774 0.5773 0.5774
vn 0.7071 0.7071 0.0048
vn 0.0280 0.7068 -0.7069
vn 0.5774 0.5773 -0.5774
vn 0.0281 0.7062 -0.7074
vn 0.7071 0.7071 -0.0046
vn -0.0280 -0.7068 -0.7068
vn -0.5774 -0.5774 -0.5773
vn -0.7071 -0.7071 -0.0048
vn -0.7071 -0.0006 0.7071
vn -0.0281 -0.7062 0.7075
vn -0.7072 -0.7070 0.0047
vn -0.0280 -0.7069 -0.7068
vn -0.7071 -0.0007 0.7071
vn -0.5774 -0.5774 0.5773
vn -0.0280 -0.7068 0.7068
vn -0.7071 -0.7071 0.0048
vn -0.5774 -0.5773 -0.5774
vn -0.7072 -0.7070 -0.0049
vn -0.5774 -0.5773 0.5774
vn -0.0281 -0.7062 -0.7075
vn -0.7071 -0.0006 -0.7071
vn -0.0280 0.7068 0.7068
vn -0.5774 0.5774 0.5773
vn -0.7071 0.7071 0.0049
vn -0.5773 0.5774 -0.5774
vn -0.0281 0.7062 -0.7075
vn -0.7071 0.7071 -0.0046
vn -0.0280 0.7068 0.7069
vn -0.5774 0.5773 0.5774
vn -0.7071 0.7071 0.0048
vn -0.5774 0.5773 -0.5773
vn -0.0280 0.7068 -0.7068
vn -0.7071 0.7071 -0.0048
vn -0.7070 0.7072 0.0049
vn -0.0281 0.7062 0.7075
vn -0.7072 0.7070 0.0046
vn -0.7072 0.0007 -0.7070
vn -0.7071 0.7071 -0.0049
vn 0.7069 -0.7068 -0.0280
vn 0.7071 -0.0006 -0.7071
vn 0.0049 -0.7071 -0.7071
vn -0.7075 -0.7062 -0.0281
vn -0.0047 -0.7071 -0.7071
vn 0.7068 -0.7069 -0.0280
vn 0.0048 -0.7071 -0.7071
vn -0.7068 -0.7068 -0.0280
vn -0.0049 -0.7072 -0.7070
vn 0.7068 -0.7068 -0.0280
vn -0.0048 -0.7071 -0.7071
vn 0.7075 -0.7062 -0.0281
vn 0.0064 -0.0008 -1.0000
vn -0.7072 -0.0006 -0.7071
vn -0.0049 -0.7071 -0.7071
vn -0.7068 0.7068 -0.0280
vn -0.0049 0.7070 -0.7072
vn 0.7075 0.7062 -0.0281
vn -0.7069 0.7068 -0.0280
vn -0.0049 0.7071 -0.7071
vn 0.7068 0.7068 -0.0280
vn 0.0049 0.7071 -0.7071
vn -0.7074 0.7062 -0.0281
vn -0.7068 -0.7068 0.0280
vn -0.0049 -0.7071 0.7071
vn 0.5774 -0.5773 0.5774
vn 0.7075 -0.7062 0.0280
vn -0.0048 -0.7072 0.7070
vn 0.7068 -0.7068 0.0280
vn 0.0049 -0.7071 0.7071
vn -0.7068 -0.7069 0.0280
vn 0.0048 -0.7071 0.7071
vn -0.7075 -0.7062 0.0281
vn 0.0049 -0.7071 0.7070
vn 0.7068 0.7068 0.0280
vn 0.5773 0.5774 0.5774
vn 0.0049 0.7071 0.7071
vn -0.5773 0.5774 0.5774
vn -0.7075 0.7062 0.0280
vn -0.0046 0.7072 0.7070
vn 0.7068 0.7069 0.0280
vn 0.0049 0.7071 0.7070
vn -0.7068 0.7068 0.0280
vn -0.0049 0.7071 0.7071
vn -0.0049 0.7072 0.7070
vn 0.7075 0.7062 0.0280
vn 0.6083 -0.7897 -0.0796
vn 0.4079 -0.8168 0.4079
vn 0.7071 -0.0012 0.7071
vn -0.0750 -0.7967 0.5997
vn -0.0750 0.7967 0.5997
vn 0.4079 0.8169 0.4079
vn 0.7071 0.0012 0.7071
vn 0.6083 0.7897 -0.0797
vn -0.7071 -0.0012 0.7071
vn -0.4267 -0.7974 0.4267
vn -0.6960 -0.7178 -0.0202
vn 0.0282 -0.7167 0.6968
vn -0.7071 0.0013 0.7071
vn -0.4267 0.7974 0.4267
vn 0.0270 0.7163 0.6972
vn -0.6954 0.7183 -0.0219
vn -0.0185 -0.7192 -0.6946
vn 0.4268 -0.7974 -0.4267
vn 0.7071 -0.0012 -0.7071
vn 0.6967 -0.7168 0.0278
vn 0.7071 0.0013 -0.7071
vn 0.4267 0.7974 -0.4267
vn -0.0164 0.7185 -0.6953
vn 0.6967 0.7168 0.0277
vn -0.7070 -0.0012 -0.7072
vn -0.4267 -0.7974 -0.4267
vn 0.0196 -0.7179 -0.6959
vn -0.6956 -0.7181 0.0228
vn 0.0214 0.7184 -0.6953
vn -0.4267 0.7974 -0.4267
vn -0.7071 0.0013 -0.7071
vn -0.6956 0.7181 0.0227
vn -0.0281 -0.7071 -0.7066
vn -0.5884 -0.5908 -0.5520
vn -0.7293 -0.0006 -0.6842
vn -0.6857 -0.7278 0.0116
vn -0.7070 -0.7072 0.0049
vn -0.7070 -0.7071 -0.0049
vn -0.7072 -0.0007 0.7070
vn -0.7071 -0.7071 0.0049
vn -0.7071 -0.7071 -0.0049
vn -0.7293 -0.0007 0.6841
vn -0.5884 -0.5908 0.5520
vn -0.0281 -0.7071 0.7066
vn -0.6849 -0.7285 -0.0103
vn -0.0281 0.7071 0.7065
vn -0.5884 0.5909 0.5520
vn -0.7293 0.0007 0.6842
vn -0.6849 0.7286 -0.0103
vn -0.7072 0.7070 0.0049
vn -0.5774 0.5774 -0.5773
vn -0.0280 0.7069 0.7068
vn -0.7294 0.0007 -0.6841
vn -0.5884 0.5909 -0.5520
vn -0.0281 0.7071 -0.7065
vn -0.6857 0.7278 0.0116
vn 0.0281 -0.7071 0.7066
vn 0.5884 -0.5908 0.5520
vn 0.7293 -0.0007 0.6842
vn 0.6534 -0.7568 -0.0175
vn 0.7072 -0.0007 -0.7071
vn 0.7070 -0.0007 -0.7072
vn 0.7293 -0.0006 -0.6842
vn 0.5884 -0.5908 -0.5520
vn 0.0281 -0.7071 -0.7066
vn 0.6904 -0.7232 0.0193
vn 0.0281 0.7071 -0.7065
vn 0.5884 0.5909 -0.5519
vn 0.7293 0.0007 -0.6842
vn 0.6903 0.7232 0.0193
vn 0.7072 0.7070 0.0049
vn 0.7294 0.0007 0.6840
vn 0.5884 0.5908 0.5520
vn 0.0281 0.7071 0.7065
vn 0.6534 0.7568 -0.0175
vn 0.7072 0.7070 -0.0049
vn 0.0049 -0.7072 0.7070
vn -0.7065 -0.7071 0.0281
vn -0.5520 -0.5908 0.5885
vn -0.6841 -0.0006 0.7293
vn 0.0200 -0.7228 0.6908
vn 0.7072 -0.0006 0.7070
vn -0.0048 -0.7071 0.7071
vn 0.6842 -0.0007 0.7293
vn 0.5520 -0.5908 0.5884
vn 0.7065 -0.7071 0.0281
vn -0.0115 -0.7647 0.6443
vn -0.7072 0.0007 0.7070
vn 0.7065 0.7071 0.0281
vn 0.5520 0.5908 0.5885
vn 0.6842 0.0007 0.7293
vn -0.0115 0.7647 0.6443
vn -0.0049 0.7070 0.7072
vn -0.6841 0.0007 0.7294
vn -0.5519 0.5909 0.5884
vn -0.7065 0.7071 0.0281
vn 0.0200 0.7228 0.6907
vn 0.7066 -0.7071 -0.0281
vn 0.5520 -0.5908 -0.5884
vn 0.6842 -0.0006 -0.7293
vn -0.0050 -0.7317 -0.6816
vn -0.0048 -0.7072 -0.7070
vn -0.6842 -0.0006 -0.7293
vn -0.5520 -0.5908 -0.5884
vn -0.7066 -0.7071 -0.0281
vn 0.0095 -0.7290 -0.6844
vn 0.0049 0.7070 -0.7072
vn -0.7065 0.7071 -0.0281
vn -0.5520 0.5908 -0.5884
vn -0.6842 0.0007 -0.7293
vn 0.0095 0.7290 -0.6844
vn 0.6842 0.0007 -0.7293
vn 0.5520 0.5908 -0.5884
vn 0.7065 0.7071 -0.0281
vn -0.0050 0.7317 -0.6816
vt 0.708135 0.708895
vt 0.708135 0.668726
vt 0.714602 0.668726
vt 0.714602 0.708895
vt 0.661664 0.668726
vt 0.661664 0.708911
vt 0.655196 0.708911
vt 0.655196 0.668726
vt 0.058857 0.709007
vt 0.058857 0.668727
vt 0.065325 0.668727
vt 0.065325 0.709007
vt 0.311096 0.710821
vt 0.311096 0.668726
vt 0.317503 0.668726
vt 0.318025 0.704835
vt 0.581082 0.708932
vt 0.581082 0.668727
vt 0.587550 0.668727
vt 0.587550 0.708932
vt 0.172445 0.668727
vt 0.214548 0.668727
vt 0.210581 0.672694
vt 0.172445 0.675134
vt 0.576961 0.668726
vt 0.576961 0.708933
vt 0.570493 0.708933
vt 0.570493 0.668726
vt 0.168327 0.710832
vt 0.126223 0.710831
vt 0.126223 0.704425
vt 0.160859 0.704778
vt 0.260763 0.710824
vt 0.218669 0.710824
vt 0.218669 0.704417
vt 0.253969 0.703828
vt 0.073351 0.709004
vt 0.073351 0.668726
vt 0.079819 0.668726
vt 0.079819 0.709004
vt 0.608725 0.668727
vt 0.608725 0.708925
vt 0.602258 0.708925
vt 0.602258 0.668727
vt 0.367696 0.002060
vt 0.367685 0.331273
vt 0.325602 0.331273
vt 0.325602 0.002060
vt 0.525677 0.668727
vt 0.525677 0.708955
vt 0.519209 0.708955
vt 0.519209 0.668727
vt 0.672251 0.668727
vt 0.672251 0.708911
vt 0.665783 0.708911
vt 0.665783 0.668727
vt 0.214548 0.710832
vt 0.208141 0.710832
vt 0.168327 0.668726
vt 0.161920 0.668726
vt 0.598138 0.668727
vt 0.598138 0.708926
vt 0.591670 0.708926
vt 0.591670 0.668727
vt 0.229053 0.002060
vt 0.229042 0.331273
vt 0.186956 0.331273
vt 0.186956 0.002060
vt 0.686958 0.708897
vt 0.686958 0.668727
vt 0.693426 0.668727
vt 0.693426 0.708897
vt 0.549318 0.708955
vt 0.549318 0.668727
vt 0.555786 0.668727
vt 0.555786 0.708955
vt 0.002060 0.335393
vt 0.042288 0.335393
vt 0.042283 0.664607
vt 0.002064 0.664607
vt 0.593760 0.002060
vt 0.633989 0.002060
vt 0.633985 0.331273
vt 0.593765 0.331273
vt 0.094510 0.335393
vt 0.134717 0.335393
vt 0.134716 0.664607
vt 0.094520 0.664607
vt 0.765320 0.002060
vt 0.799462 0.002060
vt 0.799462 0.331273
vt 0.765329 0.331273
vt 0.416216 0.002060
vt 0.456496 0.002060
vt 0.456495 0.331273
vt 0.416217 0.331273
vt 0.727002 0.002060
vt 0.761201 0.002060
vt 0.761191 0.331273
vt 0.727002 0.331273
vt 0.682354 0.335393
vt 0.722523 0.335393
vt 0.722512 0.664607
vt 0.682358 0.664607
vt 0.803837 0.335393
vt 0.837228 0.335393
vt 0.837217 0.664607
vt 0.803837 0.664607
vt 0.316134 0.335393
vt 0.356333 0.335393
vt 0.356323 0.664607
vt 0.316135 0.664607
vt 0.456413 0.664607
vt 0.416216 0.664607
vt 0.416217 0.335393
vt 0.456402 0.335393
vt 0.227489 0.335393
vt 0.267695 0.335393
vt 0.267685 0.664607
vt 0.227490 0.664607
vt 0.803895 0.002060
vt 0.837151 0.002060
vt 0.837151 0.331273
vt 0.803906 0.331273
vt 0.593760 0.335393
vt 0.633944 0.335393
vt 0.633940 0.664607
vt 0.593770 0.664607
vt 0.505014 0.335393
vt 0.545199 0.335393
vt 0.545189 0.664607
vt 0.505018 0.664607
vt 0.765395 0.335393
vt 0.799088 0.335393
vt 0.799088 0.664607
vt 0.765405 0.664607
vt 0.841900 0.002060
vt 0.874626 0.002060
vt 0.874617 0.331273
vt 0.841900 0.331273
vt 0.460616 0.002060
vt 0.500894 0.002060
vt 0.500893 0.331273
vt 0.460617 0.331273
vt 0.841346 0.335393
vt 0.874537 0.335393
vt 0.874537 0.664607
vt 0.841356 0.664607
vt 0.638108 0.002060
vt 0.678279 0.002060
vt 0.678274 0.331273
vt 0.638119 0.331273
vt 0.612845 0.708922
vt 0.612845 0.668726
vt 0.619313 0.668726
vt 0.619313 0.708922
vt 0.921323 0.664607
vt 0.921323 0.335393
vt 0.927790 0.335393
vt 0.927790 0.664607
vt 0.033789 0.997940
vt 0.033789 0.668727
vt 0.040257 0.668727
vt 0.040257 0.997940
vt 0.179044 0.335393
vt 0.179034 0.664607
vt 0.138838 0.664607
vt 0.138837 0.335393
vt 0.916977 0.002060
vt 0.916977 0.331273
vt 0.910509 0.331273
vt 0.910509 0.002060
vt 0.412096 0.002060
vt 0.412095 0.331273
vt 0.371817 0.331273
vt 0.371816 0.002060
vt 0.927564 0.002060
vt 0.927564 0.331273
vt 0.921097 0.331273
vt 0.921097 0.002060
vt 0.223369 0.335393
vt 0.223368 0.664607
vt 0.183174 0.664607
vt 0.183164 0.335393
vt 0.019099 0.668727
vt 0.019099 0.997940
vt 0.012631 0.997940
vt 0.012631 0.668727
vt 0.651076 0.668726
vt 0.651076 0.708911
vt 0.644608 0.708911
vt 0.644608 0.668726
vt 0.885439 0.335393
vt 0.885439 0.664607
vt 0.878971 0.664607
vt 0.878971 0.335393
vt 0.371898 0.664607
vt 0.371909 0.335393
vt 0.412095 0.335393
vt 0.412096 0.664607
vt 0.367778 0.335393
vt 0.367778 0.664607
vt 0.361310 0.664607
vt 0.361311 0.335393
vt 0.545292 0.002060
vt 0.545291 0.331273
vt 0.505015 0.331273
vt 0.505014 0.002060
vt 0.885213 0.002060
vt 0.885213 0.331273
vt 0.878745 0.331273
vt 0.878745 0.002060
vt 0.312014 0.335393
vt 0.312013 0.664607
vt 0.271825 0.664607
vt 0.271815 0.335393
vt 0.718721 0.708881
vt 0.718721 0.668726
vt 0.725189 0.668726
vt 0.725189 0.708881
vt 0.008528 0.668727
vt 0.008528 0.997940
vt 0.002060 0.997940
vt 0.002060 0.668727
vt 0.090390 0.668727
vt 0.090390 0.997940
vt 0.083922 0.997940
vt 0.083922 0.668727
vt 0.678234 0.335393
vt 0.678223 0.664607
vt 0.638068 0.664607
vt 0.638064 0.335393
vt 0.991091 0.002060
vt 0.991091 0.331273
vt 0.984623 0.331273
vt 0.984623 0.002060
vt 0.589640 0.002060
vt 0.589636 0.331273
vt 0.549416 0.331273
vt 0.549412 0.002060
vt 0.980503 0.002060
vt 0.980503 0.331273
vt 0.974035 0.331273
vt 0.974035 0.002060
vt 0.500800 0.335393
vt 0.500796 0.664607
vt 0.460625 0.664607
vt 0.460616 0.335393
vt 0.704014 0.668726
vt 0.704014 0.708896
vt 0.697546 0.708896
vt 0.697546 0.668726
vt 0.984849 0.664607
vt 0.984849 0.335393
vt 0.991317 0.335393
vt 0.991317 0.664607
vt 0.122103 0.668727
vt 0.122103 0.997940
vt 0.115635 0.997940
vt 0.115635 0.668727
vt 0.589502 0.335393
vt 0.589492 0.664607
vt 0.549322 0.664607
vt 0.549318 0.335393
vt 0.970141 0.335393
vt 0.970141 0.664607
vt 0.963673 0.664607
vt 0.963673 0.335393
vt 0.088513 0.335393
vt 0.088509 0.664607
vt 0.048290 0.664607
vt 0.048285 0.335393
vt 0.948966 0.335393
vt 0.948966 0.664607
vt 0.942498 0.664607
vt 0.942498 0.335393
vt 0.722568 0.002060
vt 0.722563 0.331273
vt 0.682409 0.331273
vt 0.682399 0.002060
vt 0.458300 0.668726
vt 0.458300 0.710812
vt 0.451893 0.710812
vt 0.451506 0.675722
vt 0.260763 0.668727
vt 0.254357 0.668727
vt 0.889333 0.331273
vt 0.889333 0.002060
vt 0.895801 0.002060
vt 0.895801 0.331273
vt 0.917203 0.335393
vt 0.917203 0.664607
vt 0.910735 0.664607
vt 0.910735 0.335393
vt 0.416216 0.668726
vt 0.416216 0.675133
vt 0.889559 0.664607
vt 0.889559 0.335393
vt 0.896027 0.335393
vt 0.896027 0.664607
vt 0.640489 0.668726
vt 0.640489 0.708914
vt 0.634021 0.708914
vt 0.634021 0.668726
vt 0.938152 0.002060
vt 0.938152 0.331273
vt 0.931684 0.331273
vt 0.931684 0.002060
vt 0.515090 0.668726
vt 0.515090 0.709002
vt 0.508623 0.709002
vt 0.508623 0.668726
vt 0.504502 0.668726
vt 0.504503 0.710810
vt 0.497574 0.704824
vt 0.498096 0.668726
vt 0.353190 0.710821
vt 0.353190 0.704414
vt 0.462420 0.710810
vt 0.462420 0.704404
vt 0.002060 0.331273
vt 0.002069 0.002060
vt 0.044166 0.002060
vt 0.044166 0.331273
vt 0.023219 0.997940
vt 0.023219 0.668727
vt 0.029686 0.668727
vt 0.029686 0.997940
vt 0.182836 0.002060
vt 0.182826 0.331273
vt 0.140733 0.331273
vt 0.140733 0.002060
vt 0.399402 0.710821
vt 0.357309 0.710821
vt 0.357309 0.704414
vt 0.395435 0.706854
vt 0.100961 0.668727
vt 0.100961 0.997940
vt 0.094493 0.997940
vt 0.094493 0.668727
vt 0.938378 0.335393
vt 0.938378 0.664607
vt 0.931910 0.664607
vt 0.931910 0.335393
vt 0.399402 0.668726
vt 0.392995 0.668726
vt 0.899921 0.331273
vt 0.899921 0.002060
vt 0.906389 0.002060
vt 0.906389 0.331273
vt 0.623433 0.708920
vt 0.623433 0.668726
vt 0.629901 0.668726
vt 0.629901 0.708920
vt 0.900147 0.664607
vt 0.900147 0.335393
vt 0.906615 0.335393
vt 0.906615 0.664607
vt 0.405628 0.709004
vt 0.405628 0.668726
vt 0.412096 0.668726
vt 0.412096 0.709004
vt 0.306976 0.710822
vt 0.264882 0.710822
vt 0.272350 0.704768
vt 0.306976 0.704415
vt 0.264882 0.668726
vt 0.271289 0.668726
vt 0.136614 0.002060
vt 0.136614 0.331273
vt 0.094519 0.331273
vt 0.094510 0.002060
vt 0.279388 0.331273
vt 0.279388 0.002060
vt 0.321471 0.002060
vt 0.321482 0.331273
vt 0.275268 0.002060
vt 0.275268 0.331273
vt 0.233183 0.331273
vt 0.233172 0.002060
vt 0.048285 0.997940
vt 0.048285 0.668727
vt 0.054753 0.668727
vt 0.054753 0.997940
vt 0.959554 0.335393
vt 0.959554 0.664607
vt 0.953086 0.664607
vt 0.953086 0.335393
vt 0.952860 0.331273
vt 0.952860 0.002060
vt 0.959327 0.002060
vt 0.959327 0.331273
vt 0.729310 0.708881
vt 0.729310 0.668727
vt 0.735778 0.668727
vt 0.735778 0.708881
vt 0.963447 0.331273
vt 0.963447 0.002060
vt 0.969915 0.002060
vt 0.969915 0.331273
vt 0.566373 0.668726
vt 0.566373 0.708946
vt 0.559905 0.708946
vt 0.559905 0.668726
vt 0.105081 0.997940
vt 0.105081 0.668727
vt 0.111549 0.668727
vt 0.111549 0.997940
vt 0.726957 0.335393
vt 0.761277 0.335393
vt 0.761267 0.664607
vt 0.726957 0.664607
vt 0.974261 0.664607
vt 0.974261 0.335393
vt 0.980729 0.335393
vt 0.980729 0.664607
vt 0.676370 0.708897
vt 0.676370 0.668726
vt 0.682838 0.668726
vt 0.682838 0.708897
vt 0.942272 0.331273
vt 0.942272 0.002060
vt 0.948740 0.002060
vt 0.948740 0.331273
vt 0.536266 0.668727
vt 0.536266 0.708947
vt 0.529798 0.708947
vt 0.529798 0.668727
vt 0.140080 0.002060
vt 0.140200 0.001526
vt 0.140733 0.001407
vt 0.090390 0.002060
vt 0.090390 0.001407
vt 0.090923 0.001527
vt 0.091043 0.002060
vt 0.214548 0.668073
vt 0.215082 0.668193
vt 0.215201 0.668727
vt 0.090390 0.331273
vt 0.091043 0.331273
vt 0.090923 0.331807
vt 0.090390 0.331927
vt 0.140733 0.331927
vt 0.140200 0.331807
vt 0.140080 0.331273
vt 0.400056 0.710822
vt 0.399936 0.711355
vt 0.399402 0.711475
vt 0.275268 0.001407
vt 0.275801 0.001527
vt 0.275921 0.002060
vt 0.311097 0.711475
vt 0.310563 0.711356
vt 0.310443 0.710822
vt 0.324949 0.002060
vt 0.325069 0.001526
vt 0.325602 0.001407
vt 0.325602 0.331927
vt 0.325069 0.331807
vt 0.324949 0.331273
vt 0.505155 0.710811
vt 0.505035 0.711345
vt 0.504502 0.711464
vt 0.275921 0.331273
vt 0.275801 0.331807
vt 0.275268 0.331927
vt 0.044819 0.331273
vt 0.044699 0.331807
vt 0.044165 0.331927
vt 0.136614 0.001407
vt 0.137147 0.001527
vt 0.137267 0.002060
vt 0.168979 0.710832
vt 0.168859 0.711366
vt 0.168326 0.711485
vt 0.044165 0.001407
vt 0.044699 0.001526
vt 0.044819 0.002060
vt 0.264883 0.711476
vt 0.264349 0.711356
vt 0.264229 0.710823
vt 0.137267 0.331273
vt 0.137147 0.331807
vt 0.136614 0.331927
vt 0.279388 0.331927
vt 0.278854 0.331807
vt 0.278734 0.331273
vt 0.261416 0.710823
vt 0.261296 0.711357
vt 0.260763 0.711477
vt 0.186302 0.002060
vt 0.186422 0.001526
vt 0.186956 0.001407
vt 0.278734 0.002060
vt 0.278854 0.001526
vt 0.279388 0.001407
vt 0.186956 0.331927
vt 0.186422 0.331807
vt 0.186302 0.331273
vt 0.458299 0.668073
vt 0.458833 0.668194
vt 0.458953 0.668727
vt 0.022565 0.668727
vt 0.022685 0.668193
vt 0.023219 0.668073
vt 0.229053 0.001407
vt 0.229586 0.001527
vt 0.229706 0.002060
vt 0.260763 0.668073
vt 0.261296 0.668193
vt 0.261416 0.668727
vt 0.885213 0.001407
vt 0.885747 0.001526
vt 0.885866 0.002060
vt 0.598790 0.708926
vt 0.598670 0.709459
vt 0.598137 0.709579
vt 0.271161 0.335393
vt 0.271281 0.334860
vt 0.271815 0.334740
vt 0.888680 0.002060
vt 0.888800 0.001526
vt 0.889333 0.001407
vt 0.312014 0.334740
vt 0.312548 0.334860
vt 0.312667 0.335393
vt 0.598137 0.668073
vt 0.598670 0.668193
vt 0.598790 0.668727
vt 0.367778 0.334740
vt 0.368312 0.334860
vt 0.368432 0.335393
vt 0.072698 0.668727
vt 0.072818 0.668194
vt 0.073351 0.668073
vt 0.504361 0.002060
vt 0.504481 0.001526
vt 0.505014 0.001407
vt 0.888906 0.335393
vt 0.889026 0.334860
vt 0.889559 0.334740
vt 0.545292 0.001407
vt 0.545826 0.001526
vt 0.545946 0.002060
vt 0.073351 0.709658
vt 0.072818 0.709539
vt 0.072698 0.709005
vt 0.885439 0.334740
vt 0.885973 0.334860
vt 0.886093 0.335393
vt 0.609378 0.708924
vt 0.609258 0.709457
vt 0.608725 0.709577
vt 0.412749 0.664607
vt 0.412629 0.665140
vt 0.412096 0.665260
vt 0.938805 0.331273
vt 0.938686 0.331807
vt 0.938152 0.331927
vt 0.371898 0.665260
vt 0.371365 0.665140
vt 0.371245 0.664607
vt 0.608725 0.668073
vt 0.609258 0.668193
vt 0.609378 0.668727
vt 0.019099 0.668073
vt 0.019632 0.668193
vt 0.019752 0.668727
vt 0.310443 0.668727
vt 0.310564 0.668193
vt 0.311097 0.668073
vt 0.232519 0.002060
vt 0.232639 0.001526
vt 0.233172 0.001407
vt 0.019752 0.997940
vt 0.019632 0.998473
vt 0.019099 0.998593
vt 0.233183 0.331927
vt 0.232650 0.331807
vt 0.232530 0.331273
vt 0.504502 0.668073
vt 0.505035 0.668193
vt 0.505155 0.668727
vt 0.938152 0.001407
vt 0.938686 0.001526
vt 0.938805 0.002060
vt 0.651729 0.708912
vt 0.651609 0.709446
vt 0.651076 0.709565
vt 0.371256 0.335393
vt 0.371376 0.334860
vt 0.371909 0.334740
vt 0.886093 0.664607
vt 0.885973 0.665140
vt 0.885439 0.665260
vt 0.412095 0.334740
vt 0.412628 0.334860
vt 0.412748 0.335393
vt 0.651076 0.668073
vt 0.651609 0.668193
vt 0.651729 0.668727
vt 0.889559 0.665260
vt 0.889026 0.665140
vt 0.888906 0.664607
vt 0.515743 0.709002
vt 0.515623 0.709536
vt 0.515090 0.709656
vt 0.545944 0.331273
vt 0.545824 0.331807
vt 0.545291 0.331927
vt 0.368432 0.664607
vt 0.368312 0.665140
vt 0.367778 0.665260
vt 0.505015 0.331927
vt 0.504482 0.331807
vt 0.504362 0.331273
vt 0.515090 0.668073
vt 0.515623 0.668193
vt 0.515743 0.668727
vt 0.889333 0.331927
vt 0.888800 0.331807
vt 0.888680 0.331273
vt 0.641141 0.708914
vt 0.641021 0.709448
vt 0.640488 0.709568
vt 0.312666 0.664607
vt 0.312546 0.665140
vt 0.312013 0.665260
vt 0.885866 0.331273
vt 0.885747 0.331807
vt 0.885213 0.331927
vt 0.271825 0.665260
vt 0.271292 0.665140
vt 0.271172 0.664607
vt 0.640488 0.668073
vt 0.641021 0.668193
vt 0.641141 0.668727
vt 0.023219 0.998593
vt 0.022685 0.998474
vt 0.022565 0.997940
vt 0.458953 0.710813
vt 0.458833 0.711347
vt 0.458299 0.711466
vt 0.229695 0.331273
vt 0.229575 0.331807
vt 0.229042 0.331927
vt 0.917203 0.334740
vt 0.917736 0.334860
vt 0.917856 0.335393
vt 0.580428 0.668727
vt 0.580548 0.668193
vt 0.581082 0.668073
vt 0.182511 0.335393
vt 0.182631 0.334860
vt 0.183164 0.334740
vt 0.101614 0.997940
vt 0.101494 0.998473
vt 0.100961 0.998593
vt 0.182836 0.001407
vt 0.183369 0.001527
vt 0.183489 0.002060
vt 0.171793 0.668727
vt 0.171913 0.668193
vt 0.172446 0.668073
vt 0.927564 0.001407
vt 0.928098 0.001526
vt 0.928218 0.002060
vt 0.058203 0.668727
vt 0.058323 0.668193
vt 0.058856 0.668073
vt 0.371162 0.002060
vt 0.371282 0.001526
vt 0.371816 0.001407
vt 0.899267 0.002060
vt 0.899387 0.001526
vt 0.899921 0.001407
vt 0.223369 0.334740
vt 0.223903 0.334860
vt 0.224023 0.335393
vt 0.581082 0.709585
vt 0.580548 0.709465
vt 0.580428 0.708932
vt 0.916976 0.001407
vt 0.917510 0.001526
vt 0.917630 0.002060
vt 0.577615 0.708934
vt 0.577495 0.709467
vt 0.576962 0.709587
vt 0.138184 0.335393
vt 0.138304 0.334860
vt 0.138837 0.334740
vt 0.899494 0.335393
vt 0.899614 0.334860
vt 0.900147 0.334740
vt 0.412096 0.001407
vt 0.412629 0.001526
vt 0.412749 0.002060
vt 0.058856 0.709660
vt 0.058323 0.709540
vt 0.058203 0.709007
vt 0.033789 0.998593
vt 0.033256 0.998473
vt 0.033136 0.997940
vt 0.126222 0.711485
vt 0.125689 0.711366
vt 0.125569 0.710832
vt 0.093857 0.002060
vt 0.093976 0.001526
vt 0.094510 0.001407
vt 0.920669 0.335393
vt 0.920789 0.334860
vt 0.921323 0.334740
vt 0.179044 0.334740
vt 0.179578 0.334860
vt 0.179698 0.335393
vt 0.576962 0.668073
vt 0.577495 0.668193
vt 0.577615 0.668727
vt 0.921323 0.665260
vt 0.920789 0.665140
vt 0.920669 0.664607
vt 0.612191 0.668727
vt 0.612311 0.668193
vt 0.612845 0.668073
vt 0.179688 0.664607
vt 0.179568 0.665140
vt 0.179035 0.665260
vt 0.033136 0.668727
vt 0.033256 0.668193
vt 0.033789 0.668073
vt 0.094520 0.331927
vt 0.093986 0.331807
vt 0.093866 0.331273
vt 0.307630 0.710823
vt 0.307510 0.711356
vt 0.306977 0.711476
vt 0.900147 0.665260
vt 0.899614 0.665140
vt 0.899494 0.664607
vt 0.404975 0.668727
vt 0.405094 0.668193
vt 0.405628 0.668073
vt 0.412748 0.331273
vt 0.412628 0.331807
vt 0.412095 0.331927
vt 0.917630 0.331273
vt 0.917510 0.331807
vt 0.916976 0.331927
vt 0.138838 0.665260
vt 0.138305 0.665140
vt 0.138185 0.664607
vt 0.612845 0.709576
vt 0.612311 0.709457
vt 0.612191 0.708923
vt 0.899921 0.331927
vt 0.899387 0.331807
vt 0.899267 0.331273
vt 0.622779 0.668727
vt 0.622899 0.668193
vt 0.623432 0.668073
vt 0.224022 0.664607
vt 0.223902 0.665140
vt 0.223368 0.665260
vt 0.928218 0.331273
vt 0.928098 0.331807
vt 0.927564 0.331927
vt 0.371817 0.331927
vt 0.371283 0.331807
vt 0.371163 0.331273
vt 0.405628 0.709658
vt 0.405094 0.709538
vt 0.404975 0.709004
vt 0.100961 0.668073
vt 0.101494 0.668193
vt 0.101614 0.668727
vt 0.357310 0.711475
vt 0.356777 0.711355
vt 0.356657 0.710822
vt 0.183479 0.331273
vt 0.183359 0.331807
vt 0.182826 0.331927
vt 0.917856 0.664607
vt 0.917736 0.665140
vt 0.917203 0.665260
vt 0.183174 0.665260
vt 0.182641 0.665140
vt 0.182521 0.664607
vt 0.623432 0.709574
vt 0.622899 0.709455
vt 0.622779 0.708921
vt 0.938378 0.334740
vt 0.938912 0.334860
vt 0.939031 0.335393
vt 0.707481 0.668727
vt 0.707600 0.668193
vt 0.708134 0.668073
vt 0.681745 0.002060
vt 0.681865 0.001526
vt 0.682399 0.001407
vt 0.047632 0.668727
vt 0.047752 0.668193
vt 0.048285 0.668073
vt 0.367696 0.001407
vt 0.368229 0.001527
vt 0.368349 0.002060
vt 0.353843 0.710822
vt 0.353724 0.711356
vt 0.353190 0.711475
vt 0.948966 0.334740
vt 0.949499 0.334860
vt 0.949619 0.335393
vt 0.526331 0.708954
vt 0.526211 0.709488
vt 0.525678 0.709608
vt 0.047632 0.335393
vt 0.047752 0.334860
vt 0.048285 0.334740
vt 0.952206 0.002060
vt 0.952326 0.001526
vt 0.952860 0.001407
vt 0.722568 0.001407
vt 0.723101 0.001526
vt 0.723221 0.002060
vt 0.708134 0.709549
vt 0.707600 0.709429
vt 0.707481 0.708896
vt 0.970141 0.334740
vt 0.970675 0.334860
vt 0.970795 0.335393
vt 0.672904 0.708910
vt 0.672785 0.709443
vt 0.672251 0.709563
vt 0.548665 0.335393
vt 0.548785 0.334860
vt 0.549318 0.334740
vt 0.962794 0.002060
vt 0.962914 0.001526
vt 0.963447 0.001407
vt 0.088513 0.334740
vt 0.089047 0.334860
vt 0.089167 0.335393
vt 0.525678 0.668073
vt 0.526211 0.668193
vt 0.526331 0.668727
vt 0.122103 0.668073
vt 0.122636 0.668193
vt 0.122756 0.668727
vt 0.215201 0.710831
vt 0.215082 0.711365
vt 0.214548 0.711485
vt 0.048285 0.002060
vt 0.047632 0.002060
vt 0.047752 0.001526
vt 0.048285 0.001407
vt 0.984196 0.335393
vt 0.984316 0.334860
vt 0.984849 0.334740
vt 0.589502 0.334740
vt 0.590035 0.334860
vt 0.590155 0.335393
vt 0.672251 0.668073
vt 0.672785 0.668193
vt 0.672904 0.668727
vt 0.984849 0.665260
vt 0.984316 0.665140
vt 0.984196 0.664607
vt 0.704667 0.708896
vt 0.704548 0.709430
vt 0.704014 0.709550
vt 0.590146 0.664607
vt 0.590026 0.665140
vt 0.589492 0.665260
vt 0.122756 0.997940
vt 0.122636 0.998473
vt 0.122103 0.998593
vt 0.048295 0.331273
vt 0.048295 0.331927
vt 0.047761 0.331807
vt 0.047642 0.331273
vt 0.399402 0.668073
vt 0.399936 0.668193
vt 0.400056 0.668727
vt 0.963447 0.331927
vt 0.962914 0.331807
vt 0.962794 0.331273
vt 0.567027 0.708946
vt 0.566908 0.709480
vt 0.566374 0.709599
vt 0.089163 0.664607
vt 0.089043 0.665140
vt 0.088509 0.665260
vt 0.970795 0.664607
vt 0.970675 0.665140
vt 0.970141 0.665260
vt 0.549322 0.665260
vt 0.548789 0.665140
vt 0.548669 0.664607
vt 0.704014 0.668073
vt 0.704548 0.668193
vt 0.704667 0.668727
vt 0.952860 0.331927
vt 0.952326 0.331807
vt 0.952206 0.331273
vt 0.728656 0.668727
vt 0.728776 0.668193
vt 0.729309 0.668073
vt 0.723217 0.331273
vt 0.723097 0.331807
vt 0.722563 0.331927
vt 0.949619 0.664607
vt 0.949499 0.665140
vt 0.948966 0.665260
vt 0.048290 0.665260
vt 0.047756 0.665140
vt 0.047636 0.664607
vt 0.566374 0.668073
vt 0.566908 0.668193
vt 0.567027 0.668727
vt 0.048285 0.998593
vt 0.047752 0.998473
vt 0.047632 0.997940
vt 0.462419 0.711464
vt 0.461886 0.711345
vt 0.461766 0.710811
vt 0.368338 0.331273
vt 0.368218 0.331807
vt 0.367685 0.331927
vt 0.939031 0.664607
vt 0.938912 0.665140
vt 0.938378 0.665260
vt 0.682409 0.331927
vt 0.681876 0.331807
vt 0.681756 0.331273
vt 0.729309 0.709534
vt 0.728776 0.709414
vt 0.728656 0.708880
vt 0.959554 0.334740
vt 0.960087 0.334860
vt 0.960207 0.335393
vt 0.662317 0.708911
vt 0.662197 0.709445
vt 0.661663 0.709564
vt 0.459962 0.335393
vt 0.460082 0.334860
vt 0.460616 0.334740
vt 0.104427 0.668727
vt 0.104547 0.668193
vt 0.105081 0.668073
vt 0.002060 0.331927
vt 0.001526 0.331807
vt 0.001407 0.331273
vt 0.168326 0.668073
vt 0.168859 0.668193
vt 0.168979 0.668727
vt 0.980503 0.001407
vt 0.981036 0.001526
vt 0.981156 0.002060
vt 0.548665 0.668727
vt 0.548785 0.668193
vt 0.549318 0.668073
vt 0.548759 0.002060
vt 0.548879 0.001526
vt 0.549412 0.001407
vt 0.973608 0.335393
vt 0.973728 0.334860
vt 0.974261 0.334740
vt 0.500800 0.334740
vt 0.501334 0.334860
vt 0.501454 0.335393
vt 0.661663 0.668073
vt 0.662197 0.668193
vt 0.662317 0.668727
vt 0.991091 0.001407
vt 0.991624 0.001526
vt 0.991744 0.002060
vt 0.686305 0.668727
vt 0.686425 0.668193
vt 0.686959 0.668073
vt 0.637410 0.335393
vt 0.637530 0.334860
vt 0.638064 0.334740
vt 0.941619 0.002060
vt 0.941738 0.001526
vt 0.942272 0.001407
vt 0.589640 0.001407
vt 0.590174 0.001526
vt 0.590294 0.002060
vt 0.549318 0.709608
vt 0.548785 0.709488
vt 0.548665 0.708955
vt 0.090390 0.668073
vt 0.090924 0.668193
vt 0.091043 0.668727
vt 0.218668 0.711477
vt 0.218134 0.711357
vt 0.218015 0.710823
vt 0.322136 0.331273
vt 0.322016 0.331807
vt 0.321482 0.331927
vt 0.009181 0.997940
vt 0.009061 0.998473
vt 0.008528 0.998593
vt 0.678234 0.334740
vt 0.678767 0.334860
vt 0.678887 0.335393
vt 0.686959 0.709550
vt 0.686425 0.709430
vt 0.686305 0.708897
vt 0.008528 0.668073
vt 0.009061 0.668193
vt 0.009181 0.668727
vt 0.718068 0.668727
vt 0.718188 0.668193
vt 0.718722 0.668073
vt 0.678877 0.664607
vt 0.678757 0.665140
vt 0.678223 0.665260
vt 0.091043 0.997940
vt 0.090924 0.998474
vt 0.090390 0.998593
vt 0.321471 0.001407
vt 0.322005 0.001526
vt 0.322125 0.002060
vt 0.415562 0.668727
vt 0.415682 0.668193
vt 0.416216 0.668073
vt 0.942272 0.331927
vt 0.941738 0.331807
vt 0.941619 0.331273
vt 0.536918 0.708946
vt 0.536798 0.709480
vt 0.536265 0.709600
vt 0.590289 0.331273
vt 0.590169 0.331807
vt 0.589636 0.331927
vt 0.991744 0.331273
vt 0.991624 0.331807
vt 0.991091 0.331927
vt 0.638068 0.665260
vt 0.637535 0.665140
vt 0.637415 0.664607
vt 0.718722 0.709535
vt 0.718188 0.709415
vt 0.718068 0.708882
vt 0.974261 0.665260
vt 0.973728 0.665140
vt 0.973608 0.664607
vt 0.675718 0.668727
vt 0.675838 0.668193
vt 0.676371 0.668073
vt 0.501450 0.664607
vt 0.501330 0.665140
vt 0.500796 0.665260
vt 0.981156 0.331273
vt 0.981036 0.331807
vt 0.980503 0.331927
vt 0.549416 0.331927
vt 0.548883 0.331807
vt 0.548763 0.331273
vt 0.536265 0.668073
vt 0.536798 0.668193
vt 0.536918 0.668727
vt 0.105081 0.998593
vt 0.104547 0.998473
vt 0.104427 0.997940
vt 0.264230 0.668727
vt 0.264350 0.668193
vt 0.264883 0.668073
vt 0.001416 0.002060
vt 0.001536 0.001526
vt 0.002069 0.001407
vt 0.960207 0.664607
vt 0.960087 0.665140
vt 0.959554 0.665260
vt 0.460625 0.665260
vt 0.460092 0.665140
vt 0.459972 0.664607
vt 0.676371 0.709551
vt 0.675838 0.709431
vt 0.675718 0.708898
vt 0.206139 0.675649
vt 0.207105 0.675318
vt 0.207067 0.675584
vt 0.206774 0.675878
vt 0.207334 0.675546
vt 0.207002 0.676513
vt 0.391856 0.703036
vt 0.392188 0.704002
vt 0.391921 0.703964
vt 0.391628 0.703671
vt 0.391960 0.704231
vt 0.390993 0.703899
vt 0.319075 0.702925
vt 0.319303 0.703560
vt 0.319008 0.703853
vt 0.318741 0.703892
vt 0.319938 0.703789
vt 0.318969 0.704120
vt 0.495660 0.703778
vt 0.496295 0.703550
vt 0.496591 0.703843
vt 0.496630 0.704109
vt 0.496523 0.702915
vt 0.496858 0.703881
vt 0.159809 0.702868
vt 0.160143 0.703835
vt 0.159876 0.703796
vt 0.159581 0.703503
vt 0.159915 0.704063
vt 0.158946 0.703731
vt 0.273400 0.702859
vt 0.273628 0.703494
vt 0.273333 0.703787
vt 0.273065 0.703825
vt 0.274263 0.703722
vt 0.273294 0.704054
vt 0.252056 0.702777
vt 0.252690 0.702549
vt 0.252986 0.702845
vt 0.253025 0.703112
vt 0.252919 0.701914
vt 0.253253 0.702883
vt 0.449592 0.676773
vt 0.450562 0.676438
vt 0.450523 0.676705
vt 0.450227 0.677001
vt 0.450790 0.676666
vt 0.450456 0.677636
vt 0.029668 0.668073
vt 0.030194 0.668193
vt 0.030323 0.668727
vt 0.253702 0.668726
vt 0.253787 0.668192
vt 0.254313 0.668074
vt 0.840694 0.335393
vt 0.840814 0.334860
vt 0.841347 0.334740
vt 0.878092 0.002060
vt 0.878212 0.001526
vt 0.878745 0.001407
vt 0.356333 0.334740
vt 0.356867 0.334860
vt 0.356987 0.335393
vt 0.591669 0.709579
vt 0.591136 0.709459
vt 0.591016 0.708926
vt 0.895801 0.001407
vt 0.896334 0.001526
vt 0.896454 0.002060
vt 0.591016 0.668727
vt 0.591136 0.668193
vt 0.591669 0.668073
vt 0.315481 0.335393
vt 0.315601 0.334860
vt 0.316134 0.334740
vt 0.360657 0.335393
vt 0.360777 0.334860
vt 0.361311 0.334740
vt 0.500894 0.001407
vt 0.501427 0.001527
vt 0.501547 0.002060
vt 0.079819 0.668073
vt 0.080353 0.668193
vt 0.080472 0.668727
vt 0.896027 0.334740
vt 0.896561 0.334860
vt 0.896681 0.335393
vt 0.080472 0.709005
vt 0.080353 0.709539
vt 0.079819 0.709658
vt 0.459962 0.002060
vt 0.460082 0.001527
vt 0.460616 0.001407
vt 0.878318 0.335393
vt 0.878438 0.334860
vt 0.878972 0.334740
vt 0.416216 0.665260
vt 0.415682 0.665140
vt 0.415562 0.664607
vt 0.602257 0.709577
vt 0.601723 0.709457
vt 0.601604 0.708924
vt 0.931684 0.331927
vt 0.931151 0.331807
vt 0.931031 0.331273
vt 0.601604 0.668727
vt 0.601723 0.668193
vt 0.602257 0.668073
vt 0.457066 0.664607
vt 0.456947 0.665140
vt 0.456413 0.665260
vt 0.011994 0.668727
vt 0.012123 0.668193
vt 0.012649 0.668073
vt 0.761200 0.001407
vt 0.761733 0.001527
vt 0.761854 0.002060
vt 0.317546 0.668074
vt 0.318073 0.668193
vt 0.318158 0.668726
vt 0.012649 0.998593
vt 0.012123 0.998473
vt 0.011994 0.997940
vt 0.497441 0.668726
vt 0.497526 0.668193
vt 0.498052 0.668074
vt 0.761843 0.331273
vt 0.761723 0.331807
vt 0.761190 0.331927
vt 0.931031 0.002060
vt 0.931151 0.001526
vt 0.931684 0.001407
vt 0.456402 0.334740
vt 0.456936 0.334860
vt 0.457056 0.335393
vt 0.644608 0.709565
vt 0.644074 0.709446
vt 0.643955 0.708912
vt 0.878971 0.665260
vt 0.878438 0.665140
vt 0.878318 0.664607
vt 0.643955 0.668727
vt 0.644074 0.668193
vt 0.644608 0.668073
vt 0.415564 0.335393
vt 0.415683 0.334860
vt 0.416217 0.334740
vt 0.896680 0.664607
vt 0.896561 0.665140
vt 0.896027 0.665260
vt 0.460617 0.331927
vt 0.460083 0.331807
vt 0.459963 0.331273
vt 0.508622 0.709656
vt 0.508088 0.709536
vt 0.507969 0.709002
vt 0.361311 0.665260
vt 0.360777 0.665140
vt 0.360657 0.664607
vt 0.507969 0.668727
vt 0.508088 0.668193
vt 0.508622 0.668073
vt 0.501546 0.331273
vt 0.501426 0.331807
vt 0.500893 0.331927
vt 0.896454 0.331273
vt 0.896334 0.331807
vt 0.895801 0.331927
vt 0.316135 0.665260
vt 0.315602 0.665140
vt 0.315482 0.664607
vt 0.634020 0.709568
vt 0.633486 0.709448
vt 0.633367 0.708914
vt 0.878745 0.331927
vt 0.878212 0.331807
vt 0.878092 0.331273
vt 0.633367 0.668727
vt 0.633486 0.668193
vt 0.634020 0.668073
vt 0.356976 0.664607
vt 0.356856 0.665140
vt 0.356323 0.665260
vt 0.030323 0.997940
vt 0.030194 0.998474
vt 0.029668 0.998593
vt 0.841357 0.665260
vt 0.840825 0.665140
vt 0.840704 0.664607
vt 0.451850 0.711466
vt 0.451323 0.711347
vt 0.451238 0.710814
vt 0.910082 0.335393
vt 0.910201 0.334860
vt 0.910735 0.334740
vt 0.267695 0.334740
vt 0.268228 0.334860
vt 0.268348 0.335393
vt 0.587549 0.668073
vt 0.588083 0.668193
vt 0.588203 0.668727
vt 0.094511 0.998593
vt 0.093985 0.998473
vt 0.093857 0.997940
vt 0.172445 0.675788
vt 0.171912 0.675702
vt 0.171793 0.675176
vt 0.764742 0.335393
vt 0.764863 0.334860
vt 0.765396 0.334740
vt 0.920443 0.002060
vt 0.920563 0.001526
vt 0.921096 0.001407
vt 0.456496 0.001407
vt 0.457029 0.001526
vt 0.457149 0.002060
vt 0.065324 0.668073
vt 0.065857 0.668193
vt 0.065977 0.668727
vt 0.906389 0.001407
vt 0.906922 0.001526
vt 0.907042 0.002060
vt 0.588203 0.708932
vt 0.588083 0.709465
vt 0.587549 0.709585
vt 0.226836 0.335393
vt 0.226956 0.334860
vt 0.227489 0.334740
vt 0.909855 0.002060
vt 0.909975 0.001526
vt 0.910509 0.001407
vt 0.134717 0.334740
vt 0.135251 0.334860
vt 0.135370 0.335393
vt 0.570494 0.709587
vt 0.569961 0.709467
vt 0.569840 0.708934
vt 0.906615 0.334740
vt 0.907148 0.334860
vt 0.907268 0.335393
vt 0.065977 0.709007
vt 0.065857 0.709540
vt 0.065324 0.709660
vt 0.415562 0.002060
vt 0.415682 0.001526
vt 0.416216 0.001407
vt 0.040894 0.997940
vt 0.040765 0.998473
vt 0.040239 0.998593
vt 0.874625 0.001407
vt 0.875158 0.001526
vt 0.875279 0.002060
vt 0.125569 0.704382
vt 0.125688 0.703856
vt 0.126222 0.703771
vt 0.927791 0.334740
vt 0.928324 0.334860
vt 0.928444 0.335393
vt 0.569840 0.668727
vt 0.569961 0.668193
vt 0.570494 0.668073
vt 0.093857 0.335393
vt 0.093977 0.334860
vt 0.094510 0.334740
vt 0.928444 0.664607
vt 0.928324 0.665140
vt 0.927790 0.665260
vt 0.094520 0.665260
vt 0.093986 0.665140
vt 0.093866 0.664607
vt 0.619312 0.668073
vt 0.619846 0.668193
vt 0.619966 0.668727
vt 0.040239 0.668073
vt 0.040765 0.668193
vt 0.040894 0.668727
vt 0.306978 0.703761
vt 0.307511 0.703847
vt 0.307630 0.704373
vt 0.875269 0.331273
vt 0.875149 0.331807
vt 0.874616 0.331927
vt 0.907268 0.664607
vt 0.907148 0.665140
vt 0.906615 0.665260
vt 0.416217 0.331927
vt 0.415683 0.331807
vt 0.415563 0.331273
vt 0.412096 0.668073
vt 0.412629 0.668193
vt 0.412749 0.668727
vt 0.910509 0.331927
vt 0.909975 0.331807
vt 0.909855 0.331273
vt 0.619966 0.708923
vt 0.619846 0.709457
vt 0.619312 0.709576
vt 0.135369 0.664607
vt 0.135250 0.665140
vt 0.134716 0.665260
vt 0.907042 0.331273
vt 0.906922 0.331807
vt 0.906389 0.331927
vt 0.227491 0.665260
vt 0.226957 0.665140
vt 0.226837 0.664607
vt 0.629900 0.668073
vt 0.630433 0.668193
vt 0.630554 0.668727
vt 0.921096 0.331927
vt 0.920563 0.331807
vt 0.920443 0.331273
vt 0.412749 0.709005
vt 0.412629 0.709538
vt 0.412096 0.709658
vt 0.457148 0.331273
vt 0.457028 0.331807
vt 0.456495 0.331927
vt 0.093857 0.668727
vt 0.093985 0.668193
vt 0.094511 0.668073
vt 0.765405 0.665260
vt 0.764873 0.665140
vt 0.764752 0.664607
vt 0.356657 0.704372
vt 0.356776 0.703846
vt 0.357309 0.703761
vt 0.910735 0.665260
vt 0.910201 0.665140
vt 0.910081 0.664607
vt 0.630554 0.708921
vt 0.630433 0.709455
vt 0.629900 0.709574
vt 0.268338 0.664607
vt 0.268218 0.665140
vt 0.267685 0.665260
vt 0.931257 0.335393
vt 0.931377 0.334860
vt 0.931910 0.334740
vt 0.722523 0.334740
vt 0.723057 0.334860
vt 0.723176 0.335393
vt 0.714602 0.668073
vt 0.715135 0.668193
vt 0.715255 0.668727
vt 0.054735 0.668073
vt 0.055261 0.668193
vt 0.055390 0.668727
vt 0.353191 0.703761
vt 0.353724 0.703846
vt 0.353843 0.704372
vt 0.803243 0.002060
vt 0.803364 0.001526
vt 0.803896 0.001407
vt 0.941845 0.335393
vt 0.941965 0.334860
vt 0.942498 0.334740
vt 0.042288 0.334740
vt 0.042821 0.334860
vt 0.042941 0.335393
vt 0.519210 0.709608
vt 0.518676 0.709488
vt 0.518556 0.708954
vt 0.959328 0.001407
vt 0.959861 0.001526
vt 0.959981 0.002060
vt 0.715255 0.708896
vt 0.715135 0.709429
vt 0.714602 0.709549
vt 0.681701 0.335393
vt 0.681821 0.334860
vt 0.682354 0.334740
vt 0.963020 0.335393
vt 0.963140 0.334860
vt 0.963674 0.334740
vt 0.633944 0.334740
vt 0.634477 0.334860
vt 0.634597 0.335393
vt 0.665783 0.709563
vt 0.665250 0.709443
vt 0.665130 0.708910
vt 0.969915 0.001407
vt 0.970449 0.001526
vt 0.970569 0.002060
vt 0.518556 0.668727
vt 0.518676 0.668193
vt 0.519210 0.668073
vt 0.001407 0.335393
vt 0.001527 0.334860
vt 0.002060 0.334740
vt 0.114998 0.668727
vt 0.115127 0.668193
vt 0.115653 0.668073
vt 0.761276 0.334740
vt 0.761809 0.334860
vt 0.761929 0.335393
vt 0.208099 0.711484
vt 0.207573 0.711365
vt 0.207487 0.710832
vt 0.991317 0.334740
vt 0.991850 0.334860
vt 0.991970 0.335393
vt 0.665130 0.668727
vt 0.665250 0.668193
vt 0.665783 0.668073
vt 0.593107 0.335393
vt 0.593227 0.334860
vt 0.593760 0.334740
vt 0.991970 0.664607
vt 0.991850 0.665140
vt 0.991317 0.665260
vt 0.593770 0.665260
vt 0.593236 0.665140
vt 0.593117 0.664607
vt 0.697546 0.709550
vt 0.697013 0.709430
vt 0.696893 0.708897
vt 0.115653 0.998593
vt 0.115127 0.998473
vt 0.114998 0.997940
vt 0.392341 0.668726
vt 0.392427 0.668193
vt 0.392953 0.668074
vt 0.761920 0.664607
vt 0.761799 0.665140
vt 0.761266 0.665260
vt 0.970569 0.331273
vt 0.970449 0.331807
vt 0.969915 0.331927
vt 0.002064 0.665260
vt 0.001530 0.665140
vt 0.001411 0.664607
vt 0.559906 0.709599
vt 0.559373 0.709480
vt 0.559253 0.708946
vt 0.963673 0.665260
vt 0.963140 0.665140
vt 0.963020 0.664607
vt 0.696893 0.668727
vt 0.697013 0.668193
vt 0.697546 0.668073
vt 0.634593 0.664607
vt 0.634473 0.665140
vt 0.633940 0.665260
vt 0.959981 0.331273
vt 0.959861 0.331807
vt 0.959327 0.331927
vt 0.682358 0.665260
vt 0.681825 0.665140
vt 0.681705 0.664607
vt 0.735777 0.668073
vt 0.736310 0.668193
vt 0.736430 0.668727
vt 0.942498 0.665260
vt 0.941965 0.665140
vt 0.941845 0.664607
vt 0.559253 0.668727
vt 0.559373 0.668193
vt 0.559906 0.668073
vt 0.042937 0.664607
vt 0.042817 0.665140
vt 0.042284 0.665260
vt 0.055390 0.997940
vt 0.055261 0.998473
vt 0.054735 0.998593
vt 0.803907 0.331927
vt 0.803374 0.331807
vt 0.803254 0.331273
vt 0.461766 0.704362
vt 0.461885 0.703835
vt 0.462418 0.703750
vt 0.931910 0.665260
vt 0.931377 0.665140
vt 0.931257 0.664607
vt 0.736430 0.708880
vt 0.736310 0.709414
vt 0.735777 0.709534
vt 0.723165 0.664607
vt 0.723046 0.665140
vt 0.722512 0.665260
vt 0.952432 0.335393
vt 0.952552 0.334860
vt 0.953086 0.334740
vt 0.545199 0.334740
vt 0.545732 0.334860
vt 0.545852 0.335393
vt 0.655196 0.709564
vt 0.654662 0.709445
vt 0.654542 0.708911
vt 0.111530 0.668073
vt 0.112057 0.668193
vt 0.112185 0.668727
vt 0.161265 0.668726
vt 0.161350 0.668193
vt 0.161877 0.668074
vt 0.764667 0.002060
vt 0.764787 0.001526
vt 0.765320 0.001407
vt 0.973382 0.002060
vt 0.973502 0.001526
vt 0.974035 0.001407
vt 0.633988 0.001407
vt 0.634522 0.001526
vt 0.634642 0.002060
vt 0.555786 0.668073
vt 0.556320 0.668193
vt 0.556439 0.668727
vt 0.980729 0.334740
vt 0.981263 0.334860
vt 0.981382 0.335393
vt 0.654542 0.668727
vt 0.654662 0.668193
vt 0.655196 0.668073
vt 0.504361 0.335393
vt 0.504480 0.334860
vt 0.505014 0.334740
vt 0.983970 0.002060
vt 0.984089 0.001526
vt 0.984623 0.001407
vt 0.678279 0.001407
vt 0.678812 0.001526
vt 0.678932 0.002060
vt 0.693426 0.668073
vt 0.693960 0.668193
vt 0.694080 0.668727
vt 0.948740 0.001407
vt 0.949273 0.001526
vt 0.949393 0.002060
vt 0.556439 0.708955
vt 0.556320 0.709488
vt 0.555786 0.709608
vt 0.593107 0.002060
vt 0.593227 0.001526
vt 0.593760 0.001407
vt 0.083286 0.668727
vt 0.083414 0.668193
vt 0.083940 0.668073
vt 0.837227 0.334740
vt 0.837760 0.334860
vt 0.837880 0.335393
vt 0.218015 0.704374
vt 0.218134 0.703847
vt 0.218667 0.703762
vt 0.002060 0.998593
vt 0.001526 0.998473
vt 0.001407 0.997940
vt 0.694080 0.708897
vt 0.693960 0.709430
vt 0.693426 0.709550
vt 0.637455 0.002060
vt 0.637575 0.001526
vt 0.638108 0.001407
vt 0.001407 0.668727
vt 0.001526 0.668193
vt 0.002060 0.668073
vt 0.638119 0.331927
vt 0.637586 0.331807
vt 0.637466 0.331273
vt 0.725189 0.668073
vt 0.725723 0.668193
vt 0.725843 0.668727
vt 0.083940 0.998593
vt 0.083414 0.998474
vt 0.083286 0.997940
vt 0.416215 0.675788
vt 0.415682 0.675703
vt 0.415563 0.675176
vt 0.837870 0.664607
vt 0.837749 0.665140
vt 0.837216 0.665260
vt 0.949393 0.331273
vt 0.949273 0.331807
vt 0.948740 0.331927
vt 0.593765 0.331927
vt 0.593231 0.331807
vt 0.593111 0.331273
vt 0.529797 0.709600
vt 0.529264 0.709480
vt 0.529144 0.708946
vt 0.984623 0.331927
vt 0.984089 0.331807
vt 0.983970 0.331273
vt 0.725843 0.708882
vt 0.725723 0.709415
vt 0.725189 0.709535
vt 0.678928 0.331273
vt 0.678808 0.331807
vt 0.678274 0.331927
vt 0.981382 0.664607
vt 0.981263 0.665140
vt 0.980729 0.665260
vt 0.505018 0.665260
vt 0.504484 0.665140
vt 0.504364 0.664607
vt 0.682839 0.668073
vt 0.683373 0.668193
vt 0.683492 0.668727
vt 0.974035 0.331927
vt 0.973502 0.331807
vt 0.973382 0.331273
vt 0.529144 0.668727
vt 0.529264 0.668193
vt 0.529797 0.668073
vt 0.634638 0.331273
vt 0.634518 0.331807
vt 0.633985 0.331927
vt 0.112185 0.997940
vt 0.112057 0.998473
vt 0.111530 0.998593
vt 0.765330 0.331927
vt 0.764797 0.331807
vt 0.764676 0.331273
vt 0.271333 0.668074
vt 0.271859 0.668193
vt 0.271944 0.668726
vt 0.953086 0.665260
vt 0.952552 0.665140
vt 0.952432 0.664607
vt 0.683492 0.708898
vt 0.683373 0.709431
vt 0.682839 0.709551
vt 0.545842 0.664607
vt 0.545722 0.665140
vt 0.545189 0.665260
vt 0.726323 0.664607
vt 0.726322 0.335393
vt 0.799723 0.335393
vt 0.799723 0.664607
vt 0.837785 0.002060
vt 0.837785 0.331273
vt 0.726367 0.331273
vt 0.726367 0.002060
vt 0.875172 0.335393
vt 0.875172 0.664607
vt 0.803203 0.664607
vt 0.803203 0.335393
vt 0.800097 0.002060
vt 0.800097 0.331273
vt 0.841265 0.331273
vt 0.841265 0.002060
vt 0.875505 0.334740
vt 0.802869 0.334740
vt 0.875505 0.665260
vt 0.838119 0.001407
vt 0.726034 0.001407
vt 0.726034 0.331927
vt 0.838119 0.331927
vt 0.802870 0.665260
vt 0.725990 0.334740
vt 0.800056 0.334740
vt 0.800056 0.665260
vt 0.840932 0.001407
vt 0.840932 0.331927
vt 0.800430 0.001407
vt 0.800430 0.331927
vt 0.725990 0.665260
s 1
usemtl reyki2urna2
f 1156/1374/711 1134/1375/712 1639/1376/713 1659/1377/714
f 1268/1378/713 1246/1379/715 1751/1380/711 1771/1381/712
f 1058/1382/716 1036/1383/717 1541/1384/718 1561/1385/719
f 868/1386/720 959/1387/721 1464/1388/722 1373/1389/723
f 1044/1390/724 1022/1391/725 1527/1392/726 1547/1393/727
f 1030/1394/728 855/1395/729 1358/1396/730 1533/1397/731
f 1072/1398/724 1050/1399/725 1555/1400/726 1575/1401/727
f 883/1402/732 1064/1403/733 1569/1404/734 1386/1405/735
f 896/1406/736 1288/1407/737 1793/1408/738 1401/1409/739
f 939/1410/718 931/1411/719 1436/1412/724 1442/1413/725
f 953/1414/726 945/1415/727 1450/1416/724 1456/1417/725
f 1141/1418/740 1233/1419/741 874/1420/742 869/1421/743
f 1170/1422/711 1148/1423/712 1653/1424/713 1673/1425/714
f 1184/1426/711 1162/1427/712 1667/1428/713 1687/1429/714
f 855/1395/729 1176/1430/744 1681/1431/745 1358/1396/730
f 1254/1432/746 883/1402/732 1386/1405/735 1757/1433/747
f 925/1434/726 917/1435/727 1422/1436/724 1428/1437/725
f 910/1438/748 1016/1439/749 903/1440/750 897/1441/751
f 1296/1442/713 1274/1443/715 1779/1444/711 1799/1445/712
f 1282/1446/713 1260/1447/715 1765/1448/711 1785/1449/712
f 1674/1450/752 1652/1451/753 1730/1452/754 1708/1453/755
f 1786/1454/756 1764/1455/757 1842/1456/758 1820/1457/759
f 1576/1458/760 1554/1459/761 1604/1460/762 1582/1461/763
f 1758/1462/764 1385/1463/765 1392/1464/766 1848/1465/767
f 1562/1466/768 1540/1467/769 1618/1468/762 1596/1469/763
f 1371/1470/770 1463/1471/771 1471/1472/772 1379/1473/773
f 1660/1474/752 1638/1475/774 1744/1476/754 1722/1477/775
f 1399/1478/776 1792/1479/777 1814/1480/778 1406/1481/779
f 1429/1482/780 1421/1483/781 1513/1484/782 1505/1485/783
f 1457/1486/780 1449/1487/781 1485/1488/784 1477/1489/785
f 1548/1490/786 1526/1491/761 1632/1492/762 1610/1493/787
f 1646/1494/788 1372/1495/789 1378/1496/790 1736/1497/791
f 1688/1498/752 1666/1499/774 1716/1500/754 1694/1501/775
f 1772/1502/756 1750/1503/792 1856/1504/758 1834/1505/793
f 1534/1506/794 1357/1507/795 1366/1508/796 1624/1509/797
f 1387/1510/798 1568/1511/799 1590/1512/800 1393/1513/801
f 1443/1514/802 1435/1515/803 1499/1516/804 1491/1517/785
f 1415/1518/805 1400/1519/806 1408/1520/807 1519/1521/808
f 1800/1522/756 1778/1523/792 1828/1524/758 1806/1525/793
f 1100/1526/809 1078/1527/810 1583/1528/811 1603/1529/812
f 1077/1530/813 1070/1531/814 1574/1532/815 1581/1533/816
f 1063/1534/817 1084/1535/818 1588/1536/819 1567/1537/820
f 1071/1538/821 1079/1539/782 1099/1540/783 1051/1541/780
f 1049/1542/822 1098/1543/818 1602/1544/823 1553/1545/824
f 1057/1546/803 1093/1547/804 1113/1548/825 1037/1549/826
f 1035/1550/822 1112/1551/818 1616/1552/823 1539/1553/824
f 1043/1554/821 1107/1555/782 1127/1556/785 1023/1557/780
f 958/1558/827 965/1559/816 1469/1560/828 1462/1561/814
f 981/1562/811 973/1563/812 1478/1564/809 1484/1565/810
f 944/1566/815 979/1567/829 1483/1568/813 1448/1569/814
f 952/1570/761 974/1571/830 980/1572/787 946/1573/760
f 930/1574/815 993/1575/829 1497/1576/813 1434/1577/831
f 938/1578/832 988/1579/833 994/1580/763 932/1581/768
f 916/1582/815 1007/1583/816 1511/1584/813 1420/1585/814
f 924/1586/761 1002/1587/830 1008/1588/763 918/1589/760
f 1324/1590/834 1302/1591/835 1807/1592/836 1827/1593/837
f 1301/1594/838 1294/1595/839 1798/1596/840 1805/1597/841
f 1287/1598/842 1308/1599/843 1812/1600/844 1791/1601/845
f 1295/1602/774 1303/1603/754 1323/1604/775 1275/1605/752
f 1273/1606/842 1322/1607/843 1826/1608/846 1777/1609/845
f 1281/1610/774 1317/1611/754 1337/1612/755 1261/1613/752
f 1259/1614/842 1336/1615/847 1840/1616/846 1763/1617/845
f 1267/1618/774 1331/1619/754 1351/1620/775 1247/1621/752
f 1212/1622/836 1190/1623/837 1695/1624/834 1715/1625/848
f 1189/1626/846 1182/1627/845 1686/1628/842 1693/1629/843
f 1175/1630/840 1196/1631/841 1700/1632/838 1679/1633/839
f 1183/1634/792 1191/1635/758 1211/1636/793 1163/1637/756
f 1161/1638/840 1210/1639/849 1714/1640/838 1665/1641/839
f 1169/1642/757 1205/1643/758 1225/1644/759 1149/1645/756
f 1147/1646/840 1224/1647/841 1728/1648/838 1651/1649/839
f 1155/1650/792 1219/1651/758 1239/1652/793 1135/1653/756
f 904/1654/850 1015/1655/851 1520/1656/852 1407/1657/853
f 911/1658/854 896/1406/736 1401/1409/739 1414/1659/855
f 1000/1660/823 923/1661/824 1427/1662/822 1504/1663/818
f 1021/1664/822 1126/1665/856 1630/1666/823 1525/1667/824
f 1310/1668/857 904/1654/850 1407/1657/853 1813/1669/858
f 986/1670/823 937/1671/859 1441/1672/822 1490/1673/856
f 1009/1674/811 1001/1675/812 1506/1676/809 1512/1677/810
f 972/1678/823 951/1679/824 1455/1680/817 1476/1681/856
f 995/1682/860 987/1683/861 1492/1684/809 1498/1685/810
f 967/1686/862 875/1687/863 1380/1688/864 1470/1689/865
f 1142/1690/866 868/1386/720 1373/1389/723 1645/1691/867
f 875/1687/863 1232/1692/868 1737/1693/869 1380/1688/864
f 1253/1694/870 1345/1695/871 888/1696/872 881/1697/873
f 1014/1698/823 909/1699/824 1413/1700/874 1518/1701/875
f 1029/1702/876 1121/1703/877 861/1704/878 853/1705/879
f 862/1706/880 1120/1707/881 1625/1708/882 1365/1709/883
f 1119/1710/813 1028/1711/814 1532/1712/884 1623/1713/816
f 1133/1714/840 1238/1715/841 1742/1716/838 1637/1717/839
f 1198/1718/885 862/1706/880 1365/1709/883 1701/1719/886
f 1105/1720/813 1042/1721/814 1546/1722/815 1609/1723/816
f 1128/1724/809 1106/1725/810 1611/1726/811 1631/1727/812
f 1091/1728/813 1056/1729/814 1560/1730/815 1595/1731/829
f 1114/1732/887 1092/1733/888 1597/1734/860 1617/1735/861
f 1086/1736/889 889/1737/890 1394/1738/891 1589/1739/892
f 889/1737/890 1344/1740/893 1849/1741/894 1394/1738/891
f 882/1742/895 890/1743/896 1085/1744/878 1065/1745/879
f 895/1746/870 902/1747/871 1309/1748/897 1289/1749/898
f 867/1750/748 876/1751/749 966/1752/899 960/1753/900
f 1231/1754/846 1140/1755/845 1644/1756/901 1735/1757/843
f 1245/1758/842 1350/1759/843 1854/1760/846 1749/1761/845
f 1217/1762/846 1154/1763/845 1658/1764/842 1721/1765/843
f 1240/1766/836 1218/1767/837 1723/1768/834 1743/1769/848
f 1203/1770/846 1168/1771/845 1672/1772/902 1707/1773/847
f 1226/1774/836 1204/1775/837 1709/1776/834 1729/1777/848
f 1343/1778/838 1252/1779/839 1756/1780/903 1847/1781/841
f 1359/1782/904 1680/1783/905 1702/1784/906 1364/1785/907
f 1329/1786/838 1266/1787/839 1770/1788/908 1833/1789/849
f 1352/1790/834 1330/1791/848 1835/1792/836 1855/1793/837
f 1315/1794/838 1280/1795/839 1784/1796/840 1819/1797/841
f 1338/1798/834 1316/1799/848 1821/1800/836 1841/1801/837
f 853/1705/879 856/1802/909 857/1803/910 859/1804/911
f 854/1805/912 858/1806/913 857/1807/910 856/1808/909
f 855/1395/729 859/1809/911 857/1810/910 858/1811/913
f 860/1812/914 863/1813/915 864/1814/916 866/1815/917
f 861/1704/878 865/1816/918 864/1817/916 863/1818/915
f 862/1706/880 866/1819/917 864/1820/916 865/1821/918
f 867/1750/748 870/1822/919 871/1823/920 873/1824/921
f 868/1386/720 872/1825/922 871/1826/920 870/1827/919
f 869/1421/743 873/1828/921 871/1829/920 872/1830/922
f 874/1420/742 877/1831/923 878/1832/924 880/1833/925
f 875/1687/863 879/1834/926 878/1835/924 877/1836/923
f 876/1751/749 880/1837/925 878/1838/924 879/1839/926
f 881/1697/873 884/1840/927 885/1841/928 887/1842/929
f 882/1742/895 886/1843/930 885/1844/928 884/1845/927
f 883/1402/732 887/1846/929 885/1847/928 886/1848/930
f 888/1696/872 891/1849/931 892/1850/932 894/1851/933
f 889/1737/890 893/1852/934 892/1853/932 891/1854/931
f 890/1743/896 894/1855/933 892/1856/932 893/1857/934
f 895/1746/870 898/1858/935 899/1859/936 901/1860/937
f 896/1406/736 900/1861/938 899/1862/936 898/1863/935
f 897/1441/751 901/1864/937 899/1865/936 900/1866/938
f 902/1747/871 905/1867/939 906/1868/940 908/1869/941
f 903/1440/750 907/1870/942 906/1871/940 905/1872/939
f 904/1654/850 908/1873/941 906/1874/940 907/1875/942
f 909/1699/824 912/1876/943 913/1877/920 915/1878/944
f 910/1438/748 914/1879/919 913/1880/920 912/1881/943
f 911/1658/854 915/1882/944 913/1883/920 914/1884/919
f 916/1582/815 919/1885/945 920/1886/946 922/1887/937
f 917/1435/727 921/1888/947 920/1889/946 919/1890/945
f 918/1589/760 922/1891/937 920/1892/946 921/1893/947
f 923/1661/824 926/1894/921 927/1895/948 929/1896/949
f 924/1586/761 928/1897/950 927/1898/948 926/1899/921
f 925/1434/726 929/1900/949 927/1901/948 928/1902/950
f 930/1574/815 933/1903/945 934/1904/946 936/1905/937
f 931/1411/719 935/1906/951 934/1907/946 933/1908/945
f 932/1581/768 936/1909/937 934/1910/946 935/1911/951
f 937/1671/859 940/1912/921 941/1913/952 943/1914/949
f 938/1578/832 942/1915/953 941/1916/952 940/1917/921
f 939/1410/718 943/1918/949 941/1919/952 942/1920/953
f 944/1566/815 947/1921/954 948/1922/936 950/1923/937
f 945/1415/727 949/1924/947 948/1925/936 947/1926/954
f 946/1573/760 950/1927/937 948/1928/936 949/1929/947
f 951/1679/824 954/1930/921 955/1931/952 957/1932/949
f 952/1570/761 956/1933/950 955/1934/952 954/1935/921
f 953/1414/726 957/1936/949 955/1937/952 956/1938/950
f 958/1558/827 961/1939/955 962/1940/936 964/1941/956
f 959/1387/721 963/1942/957 962/1943/936 961/1944/955
f 960/1753/900 964/1945/956 962/1946/936 963/1947/957
f 965/1559/816 968/1948/958 969/1949/959 971/1950/960
f 966/1752/899 970/1951/961 969/1952/959 968/1953/958
f 967/1686/862 971/1954/960 969/1955/959 970/1956/961
f 972/1678/823 975/1957/962 976/1958/963 978/1959/925
f 973/1563/812 977/1960/964 976/1961/963 975/1962/962
f 974/1571/830 978/1963/925 976/1964/963 977/1965/964
f 979/1567/829 982/1966/939 983/1967/940 985/1968/965
f 980/1572/787 984/1969/966 983/1970/940 982/1971/939
f 981/1562/811 985/1972/965 983/1973/940 984/1974/966
f 986/1670/823 989/1975/967 990/1976/968 992/1977/925
f 987/1683/861 991/1978/969 990/1979/968 989/1980/967
f 988/1579/833 992/1981/925 990/1982/968 991/1983/969
f 993/1575/829 996/1984/939 997/1985/970 999/1986/965
f 994/1580/763 998/1987/971 997/1988/970 996/1989/939
f 995/1682/860 999/1990/965 997/1991/970 998/1992/971
f 1000/1660/823 1003/1993/972 1004/1994/973 1006/1995/925
f 1001/1675/812 1005/1996/964 1004/1997/973 1003/1998/972
f 1002/1587/830 1006/1999/925 1004/2000/973 1005/2001/964
f 1007/1583/816 1010/2002/939 1011/2003/959 1013/2004/965
f 1008/1588/763 1012/2005/966 1011/2006/959 1010/2007/939
f 1009/1674/811 1013/2008/965 1011/2009/959 1012/2010/966
f 1014/1698/823 1017/2011/974 1018/2012/963 1020/2013/925
f 1015/1655/851 1019/2014/975 1018/2015/963 1017/2016/974
f 1016/1439/749 1020/2017/925 1018/2018/963 1019/2019/975
f 1021/1664/822 1024/2020/976 1025/2021/977 1027/2022/909
f 1022/1391/725 1026/2023/978 1025/2024/977 1024/2025/976
f 1023/1557/780 1027/2026/909 1025/2027/977 1026/2028/978
f 1028/1711/814 1031/2029/979 1032/2030/928 1034/2031/980
f 1029/1702/876 1033/2032/981 1032/2033/928 1031/2034/979
f 1030/1394/728 1034/2035/980 1032/2036/928 1033/2037/981
f 1035/1550/822 1038/2038/982 1039/2039/910 1041/2040/909
f 1036/1383/717 1040/2041/978 1039/2042/910 1038/2043/982
f 1037/1549/826 1041/2044/909 1039/2045/910 1040/2046/978
f 1042/1721/814 1045/2047/983 1046/2048/984 1048/2049/985
f 1043/1554/821 1047/2050/986 1046/2051/984 1045/2052/983
f 1044/1390/724 1048/2053/985 1046/2054/984 1047/2055/986
f 1049/1542/822 1052/2056/976 1053/2057/987 1055/2058/909
f 1050/1399/725 1054/2059/988 1053/2060/987 1052/2061/976
f 1051/1541/780 1055/2062/909 1053/2063/987 1054/2064/988
f 1056/1729/814 1059/2065/983 1060/2066/989 1062/2067/985
f 1057/1546/803 1061/2068/986 1060/2069/989 1059/2070/983
f 1058/1382/716 1062/2071/985 1060/2072/989 1061/2073/986
f 1063/1534/817 1066/2074/990 1067/2075/910 1069/2076/991
f 1064/1403/733 1068/2077/911 1067/2078/910 1066/2079/990
f 1065/1745/879 1069/2080/991 1067/2081/910 1068/2082/911
f 1070/1531/814 1073/2083/983 1074/2084/984 1076/2085/985
f 1071/1538/821 1075/2086/986 1074/2087/984 1073/2088/983
f 1072/1398/724 1076/2089/985 1074/2090/984 1075/2091/986
f 1077/1530/813 1080/2092/992 1081/2093/993 1083/2094/933
f 1078/1527/810 1082/2095/994 1081/2096/993 1080/2097/992
f 1079/1539/782 1083/2098/933 1081/2099/993 1082/2100/994
f 1084/1535/818 1087/2101/915 1088/2102/995 1090/2103/996
f 1085/1744/878 1089/2104/997 1088/2105/995 1087/2106/915
f 1086/1736/889 1090/2107/996 1088/2108/995 1089/2109/997
f 1091/1728/813 1094/2110/998 1095/2111/999 1097/2112/933
f 1092/1733/888 1096/2113/1000 1095/2114/999 1094/2115/998
f 1093/1547/804 1097/2116/933 1095/2117/999 1096/2118/1000
f 1098/1543/818 1101/2119/915 1102/2120/1001 1104/2121/1002
f 1099/1540/783 1103/2122/1003 1102/2123/1001 1101/2124/915
f 1100/1526/809 1104/2125/1002 1102/2126/1001 1103/2127/1003
f 1105/1720/813 1108/2128/998 1109/2129/993 1111/2130/933
f 1106/1725/810 1110/2131/1004 1109/2132/993 1108/2133/998
f 1107/1555/782 1111/2134/933 1109/2135/993 1110/2136/1004
f 1112/1551/818 1115/2137/915 1116/2138/916 1118/2139/1002
f 1113/1548/825 1117/2140/1003 1116/2141/916 1115/2142/915
f 1114/1732/887 1118/2143/1002 1116/2144/916 1117/2145/1003
f 1119/1710/813 1122/2146/1005 1123/2147/993 1125/2148/933
f 1120/1707/881 1124/2149/1006 1123/2150/993 1122/2151/1005
f 1121/1703/877 1125/2152/933 1123/2153/993 1124/2154/1006
f 1126/1665/856 1129/2155/1007 1130/2156/995 1132/2157/1002
f 1127/1556/785 1131/2158/1008 1130/2159/995 1129/2160/1007
f 1128/1724/809 1132/2161/1002 1130/2162/995 1131/2163/1008
f 1133/1714/840 1136/2164/1009 1137/2165/920 1139/2166/1010
f 1134/1375/712 1138/2167/1011 1137/2168/920 1136/2169/1009
f 1135/1653/756 1139/2170/1010 1137/2171/920 1138/2172/1011
f 1140/1755/845 1143/2173/991 1144/2174/910 1146/2175/1012
f 1141/1418/740 1145/2176/1013 1144/2177/910 1143/2178/991
f 1142/1690/866 1146/2179/1012 1144/2180/910 1145/2181/1013
f 1147/1646/840 1150/2182/1014 1151/2183/920 1153/2184/1010
f 1148/1423/712 1152/2185/1015 1151/2186/920 1150/2187/1014
f 1149/1645/756 1153/2188/1010 1151/2189/920 1152/2190/1015
f 1154/1763/845 1157/2191/909 1158/2192/910 1160/2193/1016
f 1155/1650/792 1159/2194/1017 1158/2195/910 1157/2196/909
f 1156/1374/711 1160/2197/1016 1158/2198/910 1159/2199/1017
f 1161/1638/840 1164/2200/1018 1165/2201/920 1167/2202/1010
f 1162/1427/712 1166/2203/1011 1165/2204/920 1164/2205/1018
f 1163/1637/756 1167/2206/1010 1165/2207/920 1166/2208/1011
f 1168/1771/845 1171/2209/991 1172/2210/910 1174/2211/1016
f 1169/1642/757 1173/2212/1019 1172/2213/910 1171/2214/991
f 1170/1422/711 1174/2215/1016 1172/2216/910 1173/2217/1019
f 1175/1630/840 1178/2218/1020 1179/2219/920 1181/2220/1010
f 1176/1430/744 1180/2221/922 1179/2222/920 1178/2223/1020
f 1177/2224/1021 1181/2225/1010 1179/2226/920 1180/2227/922
f 1182/1627/845 1185/2228/1022 1186/2229/910 1188/2230/1016
f 1183/1634/792 1187/2231/1023 1186/2232/910 1185/2233/1022
f 1184/1426/711 1188/2234/1016 1186/2235/910 1187/2236/1023
f 1189/1626/846 1192/2237/1024 1193/2238/916 1195/2239/915
f 1190/1623/837 1194/2240/1025 1193/2241/916 1192/2242/1024
f 1191/1635/758 1195/2243/915 1193/2244/916 1194/2245/1025
f 1196/1631/841 1199/2246/925 1200/2247/924 1202/2248/1026
f 1197/2249/742 1201/2250/923 1200/2251/924 1199/2252/925
f 1198/1718/885 1202/2253/1026 1200/2254/924 1201/2255/923
f 1203/1770/846 1206/2256/1027 1207/2257/916 1209/2258/915
f 1204/1775/837 1208/2259/1028 1207/2260/916 1206/2261/1027
f 1205/1643/758 1209/2262/915 1207/2263/916 1208/2264/1028
f 1210/1639/849 1213/2265/925 1214/2266/924 1216/2267/1029
f 1211/1636/793 1215/2268/1030 1214/2269/924 1213/2270/925
f 1212/1622/836 1216/2271/1029 1214/2272/924 1215/2273/1030
f 1217/1762/846 1220/2274/1024 1221/2275/916 1223/2276/915
f 1218/1767/837 1222/2277/1028 1221/2278/916 1220/2279/1024
f 1219/1651/758 1223/2280/915 1221/2281/916 1222/2282/1028
f 1224/1647/841 1227/2283/925 1228/2284/924 1230/2285/1029
f 1225/1644/759 1229/2286/1030 1228/2287/924 1227/2288/925
f 1226/1774/836 1230/2289/1029 1228/2290/924 1229/2291/1030
f 1231/1754/846 1234/2292/1031 1235/2293/916 1237/2294/915
f 1232/1692/868 1236/2295/917 1235/2296/916 1234/2297/1031
f 1233/1419/741 1237/2298/915 1235/2299/916 1236/2300/917
f 1238/1715/841 1241/2301/925 1242/2302/924 1244/2303/1029
f 1239/1652/793 1243/2304/1030 1242/2305/924 1241/2306/925
f 1240/1766/836 1244/2307/1029 1242/2308/924 1243/2309/1030
f 1245/1758/842 1248/2310/1032 1249/2311/989 1251/2312/979
f 1246/1379/715 1250/2313/1033 1249/2314/989 1248/2315/1032
f 1247/1621/752 1251/2316/979 1249/2317/989 1250/2318/1033
f 1252/1779/839 1255/2319/956 1256/2320/1034 1258/2321/1035
f 1253/1694/870 1257/2322/935 1256/2323/1034 1255/2324/956
f 1254/1432/746 1258/2325/1035 1256/2326/1034 1257/2327/935
f 1259/1614/842 1262/2328/1032 1263/2329/989 1265/2330/979
f 1260/1447/715 1264/2331/1036 1263/2332/989 1262/2333/1032
f 1261/1613/752 1265/2334/979 1263/2335/989 1264/2336/1036
f 1266/1787/839 1269/2337/956 1270/2338/936 1272/2339/1037
f 1267/1618/774 1271/2340/1038 1270/2341/936 1269/2342/956
f 1268/1378/713 1272/2343/1037 1270/2344/936 1271/2345/1038
f 1273/1606/842 1276/2346/1039 1277/2347/989 1279/2348/979
f 1274/1443/715 1278/2349/1033 1277/2350/989 1276/2351/1039
f 1275/1605/752 1279/2352/979 1277/2353/989 1278/2354/1033
f 1280/1795/839 1283/2355/956 1284/2356/936 1286/2357/1037
f 1281/1610/774 1285/2358/1040 1284/2359/936 1283/2360/956
f 1282/1446/713 1286/2361/1037 1284/2362/936 1285/2363/1040
f 1287/1598/842 1290/2364/1041 1291/2365/989 1293/2366/979
f 1288/1407/737 1292/2367/929 1291/2368/989 1290/2369/1041
f 1289/1749/898 1293/2370/979 1291/2371/989 1292/2372/929
f 1294/1595/839 1297/2373/956 1298/2374/1034 1300/2375/1037
f 1295/1602/774 1299/2376/1042 1298/2377/1034 1297/2378/956
f 1296/1442/713 1300/2379/1037 1298/2380/1034 1299/2381/1042
f 1301/1594/838 1304/2382/1043 1305/2383/1044 1307/2384/939
f 1302/1591/835 1306/2385/1045 1305/2386/1044 1304/2387/1043
f 1303/1603/754 1307/2388/939 1305/2389/1044 1306/2390/1045
f 1308/1599/843 1311/2391/933 1312/2392/1046 1314/2393/1047
f 1309/1748/897 1313/2394/1048 1312/2395/1046 1311/2396/933
f 1310/1668/857 1314/2397/1047 1312/2398/1046 1313/2399/1048
f 1315/1794/838 1318/2400/1049 1319/2401/940 1321/2402/939
f 1316/1799/848 1320/2403/1050 1319/2404/940 1318/2405/1049
f 1317/1611/754 1321/2406/939 1319/2407/940 1320/2408/1050
f 1322/1607/843 1325/2409/933 1326/2410/932 1328/2411/1051
f 1323/1604/775 1327/2412/1052 1326/2413/932 1325/2414/933
f 1324/1590/834 1328/2415/1051 1326/2416/932 1327/2417/1052
f 1329/1786/838 1332/2418/1049 1333/2419/940 1335/2420/939
f 1330/1791/848 1334/2421/1045 1333/2422/940 1332/2423/1049
f 1331/1619/754 1335/2424/939 1333/2425/940 1334/2426/1045
f 1336/1615/847 1339/2427/933 1340/2428/932 1342/2429/1051
f 1337/1612/755 1341/2430/1053 1340/2431/932 1339/2432/933
f 1338/1798/834 1342/2433/1051 1340/2434/932 1341/2435/1053
f 1343/1778/838 1346/2436/1054 1347/2437/1044 1349/2438/939
f 1344/1740/893 1348/2439/941 1347/2440/1044 1346/2441/1054
f 1345/1695/871 1349/2442/939 1347/2443/1044 1348/2444/941
f 1350/1759/843 1353/2445/933 1354/2446/1046 1356/2447/1051
f 1351/1620/775 1355/2448/1052 1354/2449/1046 1353/2450/933
f 1352/1790/834 1356/2451/1051 1354/2452/1046 1355/2453/1052
f 1357/2454/795 1360/2455/1055 1361/2456/1056 1363/2457/1057
f 1358/1396/730 1362/2458/1058 1361/2456/1056 1360/2455/1055
f 1359/2459/904 1363/2457/1057 1361/2456/1056 1362/2458/1058
f 1364/2460/907 1367/2461/1059 1368/2462/1060 1370/2463/1061
f 1365/1709/883 1369/2464/1062 1368/2462/1060 1367/2461/1059
f 1366/2465/796 1370/2463/1061 1368/2462/1060 1369/2464/1062
f 1371/2466/770 1374/2467/1063 1375/2468/1064 1377/2469/1065
f 1372/2470/789 1376/2471/1066 1375/2468/1064 1374/2467/1063
f 1373/1389/723 1377/2469/1065 1375/2468/1064 1376/2471/1066
f 1378/2472/790 1381/2473/1067 1382/2474/1068 1384/2475/1069
f 1379/2476/773 1383/2477/1070 1382/2474/1068 1381/2473/1067
f 1380/1688/864 1384/2475/1069 1382/2474/1068 1383/2477/1070
f 1385/2478/765 1388/2479/1071 1389/2480/1072 1391/2481/1073
f 1386/1405/735 1390/2482/1074 1389/2480/1072 1388/2479/1071
f 1387/2483/798 1391/2481/1073 1389/2480/1072 1390/2482/1074
f 1392/2484/766 1395/2485/1075 1396/2486/1076 1398/2487/1077
f 1393/2488/801 1397/2489/1078 1396/2486/1076 1395/2485/1075
f 1394/1738/891 1398/2487/1077 1396/2486/1076 1397/2489/1078
f 1399/2490/776 1402/2491/1079 1403/2492/1080 1405/2493/1081
f 1400/2494/806 1404/2495/1082 1403/2492/1080 1402/2491/1079
f 1401/1409/739 1405/2493/1081 1403/2492/1080 1404/2495/1082
f 1406/2496/779 1409/2497/1083 1410/2498/1084 1412/2499/1085
f 1407/1657/853 1411/2500/1086 1410/2498/1084 1409/2497/1083
f 1408/2501/807 1412/2499/1085 1410/2498/1084 1411/2500/1086
f 1413/1700/874 1416/2502/1087 1417/2503/1088 1419/2504/1089
f 1414/1659/855 1418/2505/1090 1417/2506/1088 1416/2507/1087
f 1415/1518/805 1419/2508/1089 1417/2509/1088 1418/2510/1090
f 1420/1585/814 1423/2511/983 1424/2512/984 1426/2513/985
f 1421/1483/781 1425/2514/1091 1424/2515/984 1423/2516/983
f 1422/1436/724 1426/2517/985 1424/2518/984 1425/2519/1091
f 1427/1662/822 1430/2520/982 1431/2521/987 1433/2522/909
f 1428/1437/725 1432/2523/1092 1431/2524/987 1430/2525/982
f 1429/1482/780 1433/2526/909 1431/2527/987 1432/2528/1092
f 1434/1577/831 1437/2529/983 1438/2530/984 1440/2531/985
f 1435/1515/803 1439/2532/986 1438/2533/984 1437/2534/983
f 1436/1412/724 1440/2535/985 1438/2536/984 1439/2537/986
f 1441/1672/822 1444/2538/982 1445/2539/977 1447/2540/909
f 1442/1413/725 1446/2541/978 1445/2542/977 1444/2543/982
f 1443/1514/802 1447/2544/909 1445/2545/977 1446/2546/978
f 1448/1569/814 1451/2547/1093 1452/2548/928 1454/2549/985
f 1449/1487/781 1453/2550/1094 1452/2551/928 1451/2552/1093
f 1450/1416/724 1454/2553/985 1452/2554/928 1453/2555/1094
f 1455/1680/817 1458/2556/982 1459/2557/977 1461/2558/909
f 1456/1417/725 1460/2559/1095 1459/2560/977 1458/2561/982
f 1457/1486/780 1461/2562/909 1459/2563/977 1460/2564/1095
f 1462/1561/814 1465/2565/1096 1466/2566/1097 1468/2567/1098
f 1463/1471/771 1467/2568/1099 1466/2569/1097 1465/2570/1096
f 1464/1388/722 1468/2571/1098 1466/2572/1097 1467/2573/1099
f 1469/1560/828 1472/2574/1100 1473/2575/1101 1475/2576/1102
f 1470/1689/865 1474/2577/1103 1473/2578/1101 1472/2579/1100
f 1471/1472/772 1475/2580/1102 1473/2581/1101 1474/2582/1103
f 1476/1681/856 1479/2583/915 1480/2584/995 1482/2585/1002
f 1477/1489/785 1481/2586/1008 1480/2587/995 1479/2588/915
f 1478/1564/809 1482/2589/1002 1480/2590/995 1481/2591/1008
f 1483/1568/813 1486/2592/992 1487/2593/932 1489/2594/933
f 1484/1565/810 1488/2595/1104 1487/2596/932 1486/2597/992
f 1485/1488/784 1489/2598/933 1487/2599/932 1488/2600/1104
f 1490/1673/856 1493/2601/915 1494/2602/1105 1496/2603/1002
f 1491/1517/785 1495/2604/1003 1494/2605/1105 1493/2606/915
f 1492/1684/809 1496/2607/1002 1494/2608/1105 1495/2609/1003
f 1497/1576/813 1500/2610/992 1501/2611/932 1503/2612/933
f 1498/1685/810 1502/2613/1000 1501/2614/932 1500/2615/992
f 1499/1516/804 1503/2616/933 1501/2617/932 1502/2618/1000
f 1504/1663/818 1507/2619/915 1508/2620/916 1510/2621/1002
f 1505/1485/783 1509/2622/1008 1508/2623/916 1507/2624/915
f 1506/1676/809 1510/2625/1002 1508/2626/916 1509/2627/1008
f 1511/1584/813 1514/2628/1106 1515/2629/993 1517/2630/933
f 1512/1677/810 1516/2631/994 1515/2632/993 1514/2633/1106
f 1513/1484/782 1517/2634/933 1515/2635/993 1516/2636/994
f 1518/1701/875 1521/2637/1107 1522/2638/1108 1524/2639/1109
f 1519/1521/808 1523/2640/1110 1522/2641/1108 1521/2642/1107
f 1520/1656/852 1524/2643/1109 1522/2644/1108 1523/2645/1110
f 1525/1667/824 1528/2646/921 1529/2647/952 1531/2648/949
f 1526/1491/761 1530/2649/953 1529/2650/952 1528/2651/921
f 1527/1392/726 1531/2652/949 1529/2653/952 1530/2654/953
f 1532/1712/884 1535/2655/1111 1536/2656/1112 1538/2657/1113
f 1533/1397/731 1537/2658/1114 1536/2659/1112 1535/2660/1111
f 1534/1506/794 1538/2661/1113 1536/2662/1112 1537/2663/1114
f 1539/1553/824 1542/2664/1115 1543/2665/920 1545/2666/949
f 1540/1467/769 1544/2667/953 1543/2668/920 1542/2669/1115
f 1541/1384/718 1545/2670/949 1543/2671/920 1544/2672/953
f 1546/1722/815 1549/2673/945 1550/2674/946 1552/2675/937
f 1547/1393/727 1551/2676/947 1550/2677/946 1549/2678/945
f 1548/1490/786 1552/2679/937 1550/2680/946 1551/2681/947
f 1553/1545/824 1556/2682/1116 1557/2683/948 1559/2684/949
f 1554/1459/761 1558/2685/950 1557/2686/948 1556/2687/1116
f 1555/1400/726 1559/2688/949 1557/2689/948 1558/2690/950
f 1560/1730/815 1563/2691/945 1564/2692/936 1566/2693/937
f 1561/1385/719 1565/2694/951 1564/2695/936 1563/2696/945
f 1562/1466/768 1566/2697/937 1564/2698/936 1565/2699/951
f 1567/1537/820 1570/2700/1117 1571/2701/1118 1573/2702/1119
f 1568/1511/799 1572/2703/1120 1571/2704/1118 1570/2705/1117
f 1569/1404/734 1573/2706/1119 1571/2707/1118 1572/2708/1120
f 1574/1532/815 1577/2709/945 1578/2710/946 1580/2711/937
f 1575/1401/727 1579/2712/951 1578/2713/946 1577/2714/945
f 1576/1458/760 1580/2715/937 1578/2716/946 1579/2717/951
f 1581/1533/816 1584/2718/939 1585/2719/959 1587/2720/965
f 1582/1461/763 1586/2721/966 1585/2722/959 1584/2723/939
f 1583/1528/811 1587/2724/965 1585/2725/959 1586/2726/966
f 1588/1536/819 1591/2727/1121 1592/2728/1122 1594/2729/1123
f 1589/1739/892 1593/2730/1124 1592/2731/1122 1591/2732/1121
f 1590/1512/800 1594/2733/1123 1592/2734/1122 1593/2735/1124
f 1595/1731/829 1598/2736/958 1599/2737/970 1601/2738/965
f 1596/1469/763 1600/2739/971 1599/2740/970 1598/2741/958
f 1597/1734/860 1601/2742/965 1599/2743/970 1600/2744/971
f 1602/1544/823 1605/2745/972 1606/2746/973 1608/2747/925
f 1603/1529/812 1607/2748/964 1606/2749/973 1605/2750/972
f 1604/1460/762 1608/2751/925 1606/2752/973 1607/2753/964
f 1609/1723/816 1612/2754/939 1613/2755/959 1615/2756/965
f 1610/1493/787 1614/2757/1125 1613/2758/959 1612/2759/939
f 1611/1726/811 1615/2760/965 1613/2761/959 1614/2762/1125
f 1616/1552/823 1619/2763/972 1620/2764/924 1622/2765/925
f 1617/1735/861 1621/2766/969 1620/2767/924 1619/2768/972
f 1618/1468/762 1622/2769/925 1620/2770/924 1621/2771/969
f 1623/1713/816 1626/2772/1126 1627/2773/1127 1629/2774/1128
f 1624/1509/797 1628/2775/1129 1627/2776/1127 1626/2777/1126
f 1625/1708/882 1629/2778/1128 1627/2779/1127 1628/2780/1129
f 1630/1666/823 1633/2781/962 1634/2782/963 1636/2783/925
f 1631/1727/812 1635/2784/1130 1634/2785/963 1633/2786/962
f 1632/1492/762 1636/2787/925 1634/2788/963 1635/2789/1130
f 1637/1717/839 1640/2790/956 1641/2791/936 1643/2792/1037
f 1638/1475/774 1642/2793/1131 1641/2794/936 1640/2795/956
f 1639/1376/713 1643/2796/1037 1641/2797/936 1642/2798/1131
f 1644/1756/901 1647/2799/1132 1648/2800/1133 1650/2801/1134
f 1645/1691/867 1649/2802/1135 1648/2803/1133 1647/2804/1132
f 1646/1494/788 1650/2805/1134 1648/2806/1133 1649/2807/1135
f 1651/1649/839 1654/2808/1136 1655/2809/936 1657/2810/1037
f 1652/1451/753 1656/2811/1040 1655/2812/936 1654/2813/1136
f 1653/1424/713 1657/2814/1037 1655/2815/936 1656/2816/1040
f 1658/1764/842 1661/2817/1032 1662/2818/928 1664/2819/979
f 1659/1377/714 1663/2820/1033 1662/2821/928 1661/2822/1032
f 1660/1474/752 1664/2823/979 1662/2824/928 1663/2825/1033
f 1665/1641/839 1668/2826/956 1669/2827/936 1671/2828/1037
f 1666/1499/774 1670/2829/1038 1669/2830/936 1668/2831/956
f 1667/1428/713 1671/2832/1037 1669/2833/936 1670/2834/1038
f 1672/1772/902 1675/2835/1039 1676/2836/928 1678/2837/979
f 1673/1425/714 1677/2838/1137 1676/2839/928 1675/2840/1039
f 1674/1450/752 1678/2841/979 1676/2842/928 1677/2843/1137
f 1679/1633/839 1682/2844/1138 1683/2845/1139 1685/2846/1140
f 1680/1783/905 1684/2847/1141 1683/2848/1139 1682/2849/1138
f 1681/1431/745 1685/2850/1140 1683/2851/1139 1684/2852/1141
f 1686/1628/842 1689/2853/1039 1690/2854/928 1692/2855/979
f 1687/1429/714 1691/2856/1033 1690/2857/928 1689/2858/1039
f 1688/1498/752 1692/2859/979 1690/2860/928 1691/2861/1033
f 1693/1629/843 1696/2862/1142 1697/2863/932 1699/2864/1051
f 1694/1501/775 1698/2865/1052 1697/2866/932 1696/2867/1142
f 1695/1624/834 1699/2868/1051 1697/2869/932 1698/2870/1052
f 1700/1632/838 1703/2871/1143 1704/2872/1144 1706/2873/1145
f 1701/1719/886 1705/2874/1146 1704/2875/1144 1703/2876/1143
f 1702/1784/906 1706/2877/1145 1704/2878/1144 1705/2879/1146
f 1707/1773/847 1710/2880/933 1711/2881/932 1713/2882/1051
f 1708/1453/755 1712/2883/1147 1711/2884/932 1710/2885/933
f 1709/1776/834 1713/2886/1051 1711/2887/932 1712/2888/1147
f 1714/1640/838 1717/2889/1043 1718/2890/940 1720/2891/939
f 1715/1625/848 1719/2892/1045 1718/2893/940 1717/2894/1043
f 1716/1500/754 1720/2895/939 1718/2896/940 1719/2897/1045
f 1721/1765/843 1724/2898/933 1725/2899/932 1727/2900/1051
f 1722/1477/775 1726/2901/1052 1725/2902/932 1724/2903/933
f 1723/1768/834 1727/2904/1051 1725/2905/932 1726/2906/1052
f 1728/1648/838 1731/2907/1043 1732/2908/940 1734/2909/939
f 1729/1777/848 1733/2910/1045 1732/2911/940 1731/2912/1043
f 1730/1452/754 1734/2913/939 1732/2914/940 1733/2915/1045
f 1735/1757/843 1738/2916/1148 1739/2917/1149 1741/2918/1150
f 1736/1497/791 1740/2919/1151 1739/2920/1149 1738/2921/1148
f 1737/1693/869 1741/2922/1150 1739/2923/1149 1740/2924/1151
f 1742/1716/838 1745/2925/1043 1746/2926/940 1748/2927/939
f 1743/1769/848 1747/2928/1045 1746/2929/940 1745/2930/1043
f 1744/1476/754 1748/2931/939 1746/2932/940 1747/2933/1045
f 1749/1761/845 1752/2934/991 1753/2935/910 1755/2936/1016
f 1750/1503/792 1754/2937/1023 1753/2938/910 1752/2939/991
f 1751/1380/711 1755/2940/1016 1753/2941/910 1754/2942/1023
f 1756/1780/903 1759/2943/1152 1760/2944/1153 1762/2945/1154
f 1757/1433/747 1761/2946/1155 1760/2947/1153 1759/2948/1152
f 1758/1462/764 1762/2949/1154 1760/2950/1153 1761/2951/1155
f 1763/1617/845 1766/2952/991 1767/2953/910 1769/2954/1016
f 1764/1455/757 1768/2955/1156 1767/2956/910 1766/2957/991
f 1765/1448/711 1769/2958/1016 1767/2959/910 1768/2960/1156
f 1770/1788/908 1773/2961/1018 1774/2962/920 1776/2963/1010
f 1771/1381/712 1775/2964/1011 1774/2965/920 1773/2966/1018
f 1772/1502/756 1776/2967/1010 1774/2968/920 1775/2969/1011
f 1777/1609/845 1780/2970/991 1781/2971/910 1783/2972/1016
f 1778/1523/792 1782/2973/1023 1781/2974/910 1780/2975/991
f 1779/1444/711 1783/2976/1016 1781/2977/910 1782/2978/1023
f 1784/1796/840 1787/2979/1018 1788/2980/920 1790/2981/1010
f 1785/1449/712 1789/2982/1015 1788/2983/920 1787/2984/1018
f 1786/1454/756 1790/2985/1010 1788/2986/920 1789/2987/1015
f 1791/1601/845 1794/2988/1157 1795/2989/1158 1797/2990/1159
f 1792/1479/777 1796/2991/1160 1795/2992/1158 1794/2993/1157
f 1793/1408/738 1797/2994/1159 1795/2995/1158 1796/2996/1160
f 1798/1596/840 1801/2997/1018 1802/2998/920 1804/2999/1010
f 1799/1445/712 1803/3000/1011 1802/3001/920 1801/3002/1018
f 1800/1522/756 1804/3003/1010 1802/3004/920 1803/3005/1011
f 1805/1597/841 1808/3006/925 1809/3007/924 1811/3008/1029
f 1806/1525/793 1810/3009/1161 1809/3010/924 1808/3011/925
f 1807/1592/836 1811/3012/1029 1809/3013/924 1810/3014/1161
f 1812/1600/844 1815/3015/1162 1816/3016/1163 1818/3017/1164
f 1813/1669/858 1817/3018/1165 1816/3019/1163 1815/3020/1162
f 1814/1480/778 1818/3021/1164 1816/3022/1163 1817/3023/1165
f 1819/1797/841 1822/3024/925 1823/3025/924 1825/3026/1029
f 1820/1457/759 1824/3027/1030 1823/3028/924 1822/3029/925
f 1821/1800/836 1825/3030/1029 1823/3031/924 1824/3032/1030
f 1826/1608/846 1829/3033/1024 1830/3034/916 1832/3035/915
f 1827/1593/837 1831/3036/1028 1830/3037/916 1829/3038/1024
f 1828/1524/758 1832/3039/915 1830/3040/916 1831/3041/1028
f 1833/1789/849 1836/3042/925 1837/3043/924 1839/3044/1029
f 1834/1505/793 1838/3045/1161 1837/3046/924 1836/3047/925
f 1835/1792/836 1839/3048/1029 1837/3049/924 1838/3050/1161
f 1840/1616/846 1843/3051/1027 1844/3052/916 1846/3053/915
f 1841/1801/837 1845/3054/1025 1844/3055/916 1843/3056/1027
f 1842/1456/758 1846/3057/915 1844/3058/916 1845/3059/1025
f 1847/1781/841 1850/3060/1166 1851/3061/1167 1853/3062/1168
f 1848/1465/767 1852/3063/1169 1851/3064/1167 1850/3065/1166
f 1849/1741/894 1853/3066/1168 1851/3067/1167 1852/3068/1169
f 1854/1760/846 1857/3069/1024 1858/3070/916 1860/3071/915
f 1855/1793/837 1859/3072/1028 1858/3073/916 1857/3074/1024
f 1856/1504/758 1860/3075/915 1858/3076/916 1859/3077/1028
f 853/1705/879 861/1704/878 863/1818/915 856/1802/909
f 856/1808/909 863/1813/915 860/1812/914 854/1805/912
f 876/1751/749 867/1750/748 873/1824/921 880/1837/925
f 880/1833/925 873/1828/921 869/1421/743 874/1420/742
f 902/1747/871 895/1746/870 901/1860/937 905/1867/939
f 905/1872/939 901/1864/937 897/1441/751 903/1440/750
f 890/1743/896 882/1742/895 884/1845/927 894/1855/933
f 894/1851/933 884/1840/927 881/1697/873 888/1696/872
f 1079/1539/782 1071/1538/821 1073/2088/983 1083/2098/933
f 1083/2094/933 1073/2083/983 1070/1531/814 1077/1530/813
f 1065/1745/879 1085/1744/878 1087/2106/915 1069/2080/991
f 1069/2076/991 1087/2101/915 1084/1535/818 1063/1534/817
f 1093/1547/804 1057/1546/803 1059/2070/983 1097/2116/933
f 1097/2112/933 1059/2065/983 1056/1729/814 1091/1728/813
f 1051/1541/780 1099/1540/783 1101/2124/915 1055/2062/909
f 1055/2058/909 1101/2119/915 1098/1543/818 1049/1542/822
f 1107/1555/782 1043/1554/821 1045/2052/983 1111/2134/933
f 1111/2130/933 1045/2047/983 1042/1721/814 1105/1720/813
f 1037/1549/826 1113/1548/825 1115/2142/915 1041/2044/909
f 1041/2040/909 1115/2137/915 1112/1551/818 1035/1550/822
f 1121/1703/877 1029/1702/876 1031/2034/979 1125/2152/933
f 1125/2148/933 1031/2029/979 1028/1711/814 1119/1710/813
f 1023/1557/780 1127/1556/785 1129/2160/1007 1027/2026/909
f 1027/2022/909 1129/2155/1007 1126/1665/856 1021/1664/822
f 974/1571/830 952/1570/761 954/1935/921 978/1963/925
f 978/1959/925 954/1930/921 951/1679/824 972/1678/823
f 960/1753/900 966/1752/899 968/1953/958 964/1945/956
f 964/1941/956 968/1948/958 965/1559/816 958/1558/827
f 988/1579/833 938/1578/832 940/1917/921 992/1981/925
f 992/1977/925 940/1912/921 937/1671/859 986/1670/823
f 946/1573/760 980/1572/787 982/1971/939 950/1927/937
f 950/1923/937 982/1966/939 979/1567/829 944/1566/815
f 1002/1587/830 924/1586/761 926/1899/921 1006/1999/925
f 1006/1995/925 926/1894/921 923/1661/824 1000/1660/823
f 932/1581/768 994/1580/763 996/1989/939 936/1909/937
f 936/1905/937 996/1984/939 993/1575/829 930/1574/815
f 1016/1439/749 910/1438/748 912/1881/943 1020/2017/925
f 1020/2013/925 912/1876/943 909/1699/824 1014/1698/823
f 918/1589/760 1008/1588/763 1010/2007/939 922/1891/937
f 922/1887/937 1010/2002/939 1007/1583/816 916/1582/815
f 1303/1603/754 1295/1602/774 1297/2378/956 1307/2388/939
f 1307/2384/939 1297/2373/956 1294/1595/839 1301/1594/838
f 1289/1749/898 1309/1748/897 1311/2396/933 1293/2370/979
f 1293/2366/979 1311/2391/933 1308/1599/843 1287/1598/842
f 1317/1611/754 1281/1610/774 1283/2360/956 1321/2406/939
f 1321/2402/939 1283/2355/956 1280/1795/839 1315/1794/838
f 1275/1605/752 1323/1604/775 1325/2414/933 1279/2352/979
f 1279/2348/979 1325/2409/933 1322/1607/843 1273/1606/842
f 1331/1619/754 1267/1618/774 1269/2342/956 1335/2424/939
f 1335/2420/939 1269/2337/956 1266/1787/839 1329/1786/838
f 1261/1613/752 1337/1612/755 1339/2432/933 1265/2334/979
f 1265/2330/979 1339/2427/933 1336/1615/847 1259/1614/842
f 1345/1695/871 1253/1694/870 1255/2324/956 1349/2442/939
f 1349/2438/939 1255/2319/956 1252/1779/839 1343/1778/838
f 1247/1621/752 1351/1620/775 1353/2450/933 1251/2316/979
f 1251/2312/979 1353/2445/933 1350/1759/843 1245/1758/842
f 1191/1635/758 1183/1634/792 1185/2233/1022 1195/2243/915
f 1195/2239/915 1185/2228/1022 1182/1627/845 1189/1626/846
f 1177/2224/1021 1197/2249/742 1199/2252/925 1181/2225/1010
f 1181/2220/1010 1199/2246/925 1196/1631/841 1175/1630/840
f 1205/1643/758 1169/1642/757 1171/2214/991 1209/2262/915
f 1209/2258/915 1171/2209/991 1168/1771/845 1203/1770/846
f 1163/1637/756 1211/1636/793 1213/2270/925 1167/2206/1010
f 1167/2202/1010 1213/2265/925 1210/1639/849 1161/1638/840
f 1219/1651/758 1155/1650/792 1157/2196/909 1223/2280/915
f 1223/2276/915 1157/2191/909 1154/1763/845 1217/1762/846
f 1149/1645/756 1225/1644/759 1227/2288/925 1153/2188/1010
f 1153/2184/1010 1227/2283/925 1224/1647/841 1147/1646/840
f 1233/1419/741 1141/1418/740 1143/2178/991 1237/2298/915
f 1237/2294/915 1143/2173/991 1140/1755/845 1231/1754/846
f 1135/1653/756 1239/1652/793 1241/2306/925 1139/2170/1010
f 1139/2166/1010 1241/2301/925 1238/1715/841 1133/1714/840
f 910/1438/748 897/1441/751 900/1866/938 914/1879/919
f 914/1884/919 900/1861/938 896/1406/736 911/1658/854
f 895/1746/870 1289/1749/898 1292/2372/929 898/1858/935
f 898/1863/935 1292/2367/929 1288/1407/737 896/1406/736
f 917/1435/727 925/1434/726 928/1902/950 921/1888/947
f 921/1893/947 928/1897/950 924/1586/761 918/1589/760
f 1001/1675/812 1009/1674/811 1012/2010/966 1005/1996/964
f 1005/2001/964 1012/2005/966 1008/1588/763 1002/1587/830
f 1015/1655/851 904/1654/850 907/1875/942 1019/2014/975
f 1019/2019/975 907/1870/942 903/1440/750 1016/1439/749
f 938/1578/832 932/1581/768 935/1911/951 942/1915/953
f 942/1920/953 935/1906/951 931/1411/719 939/1410/718
f 987/1683/861 995/1682/860 998/1992/971 991/1978/969
f 991/1983/969 998/1987/971 994/1580/763 988/1579/833
f 952/1570/761 946/1573/760 949/1929/947 956/1933/950
f 956/1938/950 949/1924/947 945/1415/727 953/1414/726
f 973/1563/812 981/1562/811 984/1974/966 977/1960/964
f 977/1965/964 984/1969/966 980/1572/787 974/1571/830
f 1141/1418/740 869/1421/743 872/1830/922 1145/2176/1013
f 1145/2181/1013 872/1825/922 868/1386/720 1142/1690/866
f 867/1750/748 960/1753/900 963/1947/957 870/1822/919
f 870/1827/919 963/1942/957 959/1387/721 868/1386/720
f 875/1687/863 967/1686/862 970/1956/961 879/1834/926
f 879/1839/926 970/1951/961 966/1752/899 876/1751/749
f 874/1420/742 1233/1419/741 1236/2300/917 877/1831/923
f 877/1836/923 1236/2295/917 1232/1692/868 875/1687/863
f 1309/1748/897 902/1747/871 908/1869/941 1313/2394/1048
f 1313/2399/1048 908/1873/941 904/1654/850 1310/1668/857
f 854/1805/912 1177/2224/1021 1180/2227/922 858/1806/913
f 858/1811/913 1180/2221/922 1176/1430/744 855/1395/729
f 1029/1702/876 853/1705/879 859/1804/911 1033/2032/981
f 1033/2037/981 859/1809/911 855/1395/729 1030/1394/728
f 1022/1391/725 1044/1390/724 1047/2055/986 1026/2023/978
f 1026/2028/978 1047/2050/986 1043/1554/821 1023/1557/780
f 1106/1725/810 1128/1724/809 1131/2163/1008 1110/2131/1004
f 1110/2136/1004 1131/2158/1008 1127/1556/785 1107/1555/782
f 1120/1707/881 862/1706/880 865/1821/918 1124/2149/1006
f 1124/2154/1006 865/1816/918 861/1704/878 1121/1703/877
f 1036/1383/717 1058/1382/716 1061/2073/986 1040/2041/978
f 1040/2046/978 1061/2068/986 1057/1546/803 1037/1549/826
f 1092/1733/888 1114/1732/887 1117/2145/1003 1096/2113/1000
f 1096/2118/1000 1117/2140/1003 1113/1548/825 1093/1547/804
f 1050/1399/725 1072/1398/724 1075/2091/986 1054/2059/988
f 1054/2064/988 1075/2086/986 1071/1538/821 1051/1541/780
f 1078/1527/810 1100/1526/809 1103/2127/1003 1082/2095/994
f 1082/2100/994 1103/2122/1003 1099/1540/783 1079/1539/782
f 1064/1403/733 883/1402/732 886/1848/930 1068/2077/911
f 1068/2082/911 886/1843/930 882/1742/895 1065/1745/879
f 889/1737/890 1086/1736/889 1089/2109/997 893/1852/934
f 893/1857/934 1089/2104/997 1085/1744/878 890/1743/896
f 1253/1694/870 881/1697/873 887/1842/929 1257/2322/935
f 1257/2327/935 887/1846/929 883/1402/732 1254/1432/746
f 888/1696/872 1345/1695/871 1348/2444/941 891/1849/931
f 891/1854/931 1348/2439/941 1344/1740/893 889/1737/890
f 1197/2249/742 860/1812/914 866/1815/917 1201/2250/923
f 1201/2255/923 866/1819/917 862/1706/880 1198/1718/885
f 1134/1375/712 1156/1374/711 1159/2199/1017 1138/2167/1011
f 1138/2172/1011 1159/2194/1017 1155/1650/792 1135/1653/756
f 1218/1767/837 1240/1766/836 1243/2309/1030 1222/2277/1028
f 1222/2282/1028 1243/2304/1030 1239/1652/793 1219/1651/758
f 1148/1423/712 1170/1422/711 1173/2217/1019 1152/2185/1015
f 1152/2190/1015 1173/2212/1019 1169/1642/757 1149/1645/756
f 1204/1775/837 1226/1774/836 1229/2291/1030 1208/2259/1028
f 1208/2264/1028 1229/2286/1030 1225/1644/759 1205/1643/758
f 1162/1427/712 1184/1426/711 1187/2236/1023 1166/2203/1011
f 1166/2208/1011 1187/2231/1023 1183/1634/792 1163/1637/756
f 1190/1623/837 1212/1622/836 1215/2273/1030 1194/2240/1025
f 1194/2245/1025 1215/2268/1030 1211/1636/793 1191/1635/758
f 1246/1379/715 1268/1378/713 1271/2345/1038 1250/2313/1033
f 1250/2318/1033 1271/2340/1038 1267/1618/774 1247/1621/752
f 1330/1791/848 1352/1790/834 1355/2453/1052 1334/2421/1045
f 1334/2426/1045 1355/2448/1052 1351/1620/775 1331/1619/754
f 1260/1447/715 1282/1446/713 1285/2363/1040 1264/2331/1036
f 1264/2336/1036 1285/2358/1040 1281/1610/774 1261/1613/752
f 1316/1799/848 1338/1798/834 1341/2435/1053 1320/2403/1050
f 1320/2408/1050 1341/2430/1053 1337/1612/755 1317/1611/754
f 1274/1443/715 1296/1442/713 1299/2381/1042 1278/2349/1033
f 1278/2354/1033 1299/2376/1042 1295/1602/774 1275/1605/752
f 1302/1591/835 1324/1590/834 1327/2417/1052 1306/2385/1045
f 1306/2390/1045 1327/2412/1052 1323/1604/775 1303/1603/754
f 1359/1782/904 1364/1785/907 1370/3078/1061 1363/3079/1057
f 1363/3080/1057 1370/3081/1061 1366/1508/796 1357/1507/795
f 1378/1496/790 1372/1495/789 1374/3082/1063 1381/3083/1067
f 1381/3084/1067 1374/3085/1063 1371/1470/770 1379/1473/773
f 1408/1520/807 1400/1519/806 1402/3086/1079 1412/3087/1085
f 1412/3088/1085 1402/3089/1079 1399/1478/776 1406/1481/779
f 1392/1464/766 1385/1463/765 1391/3090/1073 1395/3091/1075
f 1395/3092/1075 1391/3093/1073 1387/1510/798 1393/1513/801
f 1581/1533/816 1574/1532/815 1580/2711/937 1584/2718/939
f 1584/2723/939 1580/2715/937 1576/1458/760 1582/1461/763
f 1567/1537/820 1588/1536/819 1594/2729/1123 1570/2700/1117
f 1570/2705/1117 1594/2733/1123 1590/1512/800 1568/1511/799
f 1595/1731/829 1560/1730/815 1566/2693/937 1598/2736/958
f 1598/2741/958 1566/2697/937 1562/1466/768 1596/1469/763
f 1553/1545/824 1602/1544/823 1608/2747/925 1556/2682/1116
f 1556/2687/1116 1608/2751/925 1604/1460/762 1554/1459/761
f 1609/1723/816 1546/1722/815 1552/2675/937 1612/2754/939
f 1612/2759/939 1552/2679/937 1548/1490/786 1610/1493/787
f 1539/1553/824 1616/1552/823 1622/2765/925 1542/2664/1115
f 1542/2669/1115 1622/2769/925 1618/1468/762 1540/1467/769
f 1623/1713/816 1532/1712/884 1538/2657/1113 1626/2772/1126
f 1626/2777/1126 1538/2661/1113 1534/1506/794 1624/1509/797
f 1525/1667/824 1630/1666/823 1636/2783/925 1528/2646/921
f 1528/2651/921 1636/2787/925 1632/1492/762 1526/1491/761
f 1476/1681/856 1455/1680/817 1461/2558/909 1479/2583/915
f 1479/2588/915 1461/2562/909 1457/1486/780 1477/1489/785
f 1462/1561/814 1469/1560/828 1475/2576/1102 1465/2565/1096
f 1465/2570/1096 1475/2580/1102 1471/1472/772 1463/1471/771
f 1490/1673/856 1441/1672/822 1447/2540/909 1493/2601/915
f 1493/2606/915 1447/2544/909 1443/1514/802 1491/1517/785
f 1448/1569/814 1483/1568/813 1489/2594/933 1451/2547/1093
f 1451/2552/1093 1489/2598/933 1485/1488/784 1449/1487/781
f 1504/1663/818 1427/1662/822 1433/2522/909 1507/2619/915
f 1507/2624/915 1433/2526/909 1429/1482/780 1505/1485/783
f 1434/1577/831 1497/1576/813 1503/2612/933 1437/2529/983
f 1437/2534/983 1503/2616/933 1499/1516/804 1435/1515/803
f 1518/1701/875 1413/1700/874 1419/2504/1089 1521/2637/1107
f 1521/2642/1107 1419/2508/1089 1415/1518/805 1519/1521/808
f 1420/1585/814 1511/1584/813 1517/2630/933 1423/2511/983
f 1423/2516/983 1517/2634/933 1513/1484/782 1421/1483/781
f 1805/1597/841 1798/1596/840 1804/2999/1010 1808/3006/925
f 1808/3011/925 1804/3003/1010 1800/1522/756 1806/1525/793
f 1791/1601/845 1812/1600/844 1818/3017/1164 1794/2988/1157
f 1794/2993/1157 1818/3021/1164 1814/1480/778 1792/1479/777
f 1819/1797/841 1784/1796/840 1790/2981/1010 1822/3024/925
f 1822/3029/925 1790/2985/1010 1786/1454/756 1820/1457/759
f 1777/1609/845 1826/1608/846 1832/3035/915 1780/2970/991
f 1780/2975/991 1832/3039/915 1828/1524/758 1778/1523/792
f 1833/1789/849 1770/1788/908 1776/2963/1010 1836/3042/925
f 1836/3047/925 1776/2967/1010 1772/1502/756 1834/1505/793
f 1763/1617/845 1840/1616/846 1846/3053/915 1766/2952/991
f 1766/2957/991 1846/3057/915 1842/1456/758 1764/1455/757
f 1847/1781/841 1756/1780/903 1762/2945/1154 1850/3060/1166
f 1850/3065/1166 1762/2949/1154 1758/1462/764 1848/1465/767
f 1749/1761/845 1854/1760/846 1860/3071/915 1752/2934/991
f 1752/2939/991 1860/3075/915 1856/1504/758 1750/1503/792
f 1693/1629/843 1686/1628/842 1692/2855/979 1696/2862/1142
f 1696/2867/1142 1692/2859/979 1688/1498/752 1694/1501/775
f 1679/1633/839 1700/1632/838 1706/2873/1145 1682/2844/1138
f 1682/2849/1138 1706/2877/1145 1702/1784/906 1680/1783/905
f 1707/1773/847 1672/1772/902 1678/2837/979 1710/2880/933
f 1710/2885/933 1678/2841/979 1674/1450/752 1708/1453/755
f 1665/1641/839 1714/1640/838 1720/2891/939 1668/2826/956
f 1668/2831/956 1720/2895/939 1716/1500/754 1666/1499/774
f 1721/1765/843 1658/1764/842 1664/2819/979 1724/2898/933
f 1724/2903/933 1664/2823/979 1660/1474/752 1722/1477/775
f 1651/1649/839 1728/1648/838 1734/2909/939 1654/2808/1136
f 1654/2813/1136 1734/2913/939 1730/1452/754 1652/1451/753
f 1735/1757/843 1644/1756/901 1650/2801/1134 1738/2916/1148
f 1738/2921/1148 1650/2805/1134 1646/1494/788 1736/1497/791
f 1637/1717/839 1742/1716/838 1748/2927/939 1640/2790/956
f 1640/2795/956 1748/2931/939 1744/1476/754 1638/1475/774
f 1414/1659/855 1401/1409/739 1404/2495/1082 1418/2505/1090
f 1418/2510/1090 1404/3094/1082 1400/1519/806 1415/1518/805
f 1401/1409/739 1793/1408/738 1796/2996/1160 1405/2493/1081
f 1405/3095/1081 1796/2991/1160 1792/1479/777 1399/1478/776
f 1421/1483/781 1429/1482/780 1432/2528/1092 1425/2514/1091
f 1425/2519/1091 1432/2523/1092 1428/1437/725 1422/1436/724
f 1505/1485/783 1513/1484/782 1516/2636/994 1509/2622/1008
f 1509/2627/1008 1516/2631/994 1512/1677/810 1506/1676/809
f 1519/1521/808 1408/1520/807 1411/3096/1086 1523/2640/1110
f 1523/2645/1110 1411/2500/1086 1407/1657/853 1520/1656/852
f 1442/1413/725 1436/1412/724 1439/2537/986 1446/2541/978
f 1446/2546/978 1439/2532/986 1435/1515/803 1443/1514/802
f 1491/1517/785 1499/1516/804 1502/2618/1000 1495/2604/1003
f 1495/2609/1003 1502/2613/1000 1498/1685/810 1492/1684/809
f 1456/1417/725 1450/1416/724 1453/2555/1094 1460/2559/1095
f 1460/2564/1095 1453/2550/1094 1449/1487/781 1457/1486/780
f 1477/1489/785 1485/1488/784 1488/2600/1104 1481/2586/1008
f 1481/2591/1008 1488/2595/1104 1484/1565/810 1478/1564/809
f 1645/1691/867 1373/1389/723 1376/2471/1066 1649/2802/1135
f 1649/2807/1135 1376/3097/1066 1372/1495/789 1646/1494/788
f 1373/1389/723 1464/1388/722 1467/2573/1099 1377/2469/1065
f 1377/3098/1065 1467/2568/1099 1463/1471/771 1371/1470/770
f 1379/1473/773 1471/1472/772 1474/2582/1103 1383/3099/1070
f 1383/2477/1070 1474/2577/1103 1470/1689/865 1380/1688/864
f 1380/1688/864 1737/1693/869 1740/2924/1151 1384/2475/1069
f 1384/3100/1069 1740/2919/1151 1736/1497/791 1378/1496/790
f 1813/1669/858 1407/1657/853 1409/2497/1083 1817/3018/1165
f 1817/3023/1165 1409/3101/1083 1406/1481/779 1814/1480/778
f 1358/1396/730 1681/1431/745 1684/2852/1141 1362/2458/1058
f 1362/3102/1058 1684/2847/1141 1680/1783/905 1359/1782/904
f 1533/1397/731 1358/1396/730 1360/2455/1055 1537/2658/1114
f 1537/2663/1114 1360/3103/1055 1357/1507/795 1534/1506/794
f 1526/1491/761 1548/1490/786 1551/2681/947 1530/2649/953
f 1530/2654/953 1551/2676/947 1547/1393/727 1527/1392/726
f 1610/1493/787 1632/1492/762 1635/2789/1130 1614/2757/1125
f 1614/2762/1125 1635/2784/1130 1631/1727/812 1611/1726/811
f 1624/1509/797 1366/1508/796 1369/3104/1062 1628/2775/1129
f 1628/2780/1129 1369/2464/1062 1365/1709/883 1625/1708/882
f 1540/1467/769 1562/1466/768 1565/2699/951 1544/2667/953
f 1544/2672/953 1565/2694/951 1561/1385/719 1541/1384/718
f 1596/1469/763 1618/1468/762 1621/2771/969 1600/2739/971
f 1600/2744/971 1621/2766/969 1617/1735/861 1597/1734/860
f 1554/1459/761 1576/1458/760 1579/2717/951 1558/2685/950
f 1558/2690/950 1579/2712/951 1575/1401/727 1555/1400/726
f 1582/1461/763 1604/1460/762 1607/2753/964 1586/2721/966
f 1586/2726/966 1607/2748/964 1603/1529/812 1583/1528/811
f 1568/1511/799 1387/1510/798 1390/3105/1074 1572/2703/1120
f 1572/2708/1120 1390/2482/1074 1386/1405/735 1569/1404/734
f 1393/1513/801 1590/1512/800 1593/2735/1124 1397/3106/1078
f 1397/2489/1078 1593/2730/1124 1589/1739/892 1394/1738/891
f 1757/1433/747 1386/1405/735 1388/2479/1071 1761/2946/1155
f 1761/2951/1155 1388/3107/1071 1385/1463/765 1758/1462/764
f 1394/1738/891 1849/1741/894 1852/3068/1169 1398/2487/1077
f 1398/3108/1077 1852/3063/1169 1848/1465/767 1392/1464/766
f 1701/1719/886 1365/1709/883 1367/2461/1059 1705/2874/1146
f 1705/2879/1146 1367/3109/1059 1364/1785/907 1702/1784/906
f 1638/1475/774 1660/1474/752 1663/2825/1033 1642/2793/1131
f 1642/2798/1131 1663/2820/1033 1659/1377/714 1639/1376/713
f 1722/1477/775 1744/1476/754 1747/2933/1045 1726/2901/1052
f 1726/2906/1052 1747/2928/1045 1743/1769/848 1723/1768/834
f 1652/1451/753 1674/1450/752 1677/2843/1137 1656/2811/1040
f 1656/2816/1040 1677/2838/1137 1673/1425/714 1653/1424/713
f 1708/1453/755 1730/1452/754 1733/2915/1045 1712/2883/1147
f 1712/2888/1147 1733/2910/1045 1729/1777/848 1709/1776/834
f 1666/1499/774 1688/1498/752 1691/2861/1033 1670/2829/1038
f 1670/2834/1038 1691/2856/1033 1687/1429/714 1667/1428/713
f 1694/1501/775 1716/1500/754 1719/2897/1045 1698/2865/1052
f 1698/2870/1052 1719/2892/1045 1715/1625/848 1695/1624/834
f 1750/1503/792 1772/1502/756 1775/2969/1011 1754/2937/1023
f 1754/2942/1023 1775/2964/1011 1771/1381/712 1751/1380/711
f 1834/1505/793 1856/1504/758 1859/3077/1028 1838/3045/1161
f 1838/3050/1161 1859/3072/1028 1855/1793/837 1835/1792/836
f 1764/1455/757 1786/1454/756 1789/2987/1015 1768/2955/1156
f 1768/2960/1156 1789/2982/1015 1785/1449/712 1765/1448/711
f 1820/1457/759 1842/1456/758 1845/3059/1025 1824/3027/1030
f 1824/3032/1030 1845/3054/1025 1841/1801/837 1821/1800/836
f 1778/1523/792 1800/1522/756 1803/3005/1011 1782/2973/1023
f 1782/2978/1023 1803/3000/1011 1799/1445/712 1779/1444/711
f 1806/1525/793 1828/1524/758 1831/3041/1028 1810/3009/1161
f 1810/3014/1161 1831/3036/1028 1827/1593/837 1807/1592/836
f 911/1658/854 1414/1659/855 1416/2507/1087 915/1882/944
f 915/1878/944 1416/2502/1087 1413/1700/874 909/1699/824
f 916/1582/815 1420/1585/814 1426/2513/985 919/1885/945
f 919/1890/945 1426/2517/985 1422/1436/724 917/1435/727
f 925/1434/726 1428/1437/725 1430/2525/982 929/1900/949
f 929/1896/949 1430/2520/982 1427/1662/822 923/1661/824
f 930/1574/815 1434/1577/831 1440/2531/985 933/1903/945
f 933/1908/945 1440/2535/985 1436/1412/724 931/1411/719
f 939/1410/718 1442/1413/725 1444/2543/982 943/1918/949
f 943/1914/949 1444/2538/982 1441/1672/822 937/1671/859
f 944/1566/815 1448/1569/814 1454/2549/985 947/1921/954
f 947/1926/954 1454/2553/985 1450/1416/724 945/1415/727
f 953/1414/726 1456/1417/725 1458/2561/982 957/1936/949
f 957/1932/949 1458/2556/982 1455/1680/817 951/1679/824
f 958/1558/827 1462/1561/814 1468/2567/1098 961/1939/955
f 961/1944/955 1468/2571/1098 1464/1388/722 959/1387/721
f 967/1686/862 1470/1689/865 1472/2579/1100 971/1954/960
f 971/1950/960 1472/2574/1100 1469/1560/828 965/1559/816
f 972/1678/823 1476/1681/856 1482/2585/1002 975/1957/962
f 975/1962/962 1482/2589/1002 1478/1564/809 973/1563/812
f 981/1562/811 1484/1565/810 1486/2597/992 985/1972/965
f 985/1968/965 1486/2592/992 1483/1568/813 979/1567/829
f 986/1670/823 1490/1673/856 1496/2603/1002 989/1975/967
f 989/1980/967 1496/2607/1002 1492/1684/809 987/1683/861
f 995/1682/860 1498/1685/810 1500/2615/992 999/1990/965
f 999/1986/965 1500/2610/992 1497/1576/813 993/1575/829
f 1000/1660/823 1504/1663/818 1510/2621/1002 1003/1993/972
f 1003/1998/972 1510/2625/1002 1506/1676/809 1001/1675/812
f 1009/1674/811 1512/1677/810 1514/2633/1106 1013/2008/965
f 1013/2004/965 1514/2628/1106 1511/1584/813 1007/1583/816
f 1014/1698/823 1518/1701/875 1524/2639/1109 1017/2011/974
f 1017/2016/974 1524/2643/1109 1520/1656/852 1015/1655/851
f 1021/1664/822 1525/1667/824 1531/2648/949 1024/2020/976
f 1024/2025/976 1531/2652/949 1527/1392/726 1022/1391/725
f 1030/1394/728 1533/1397/731 1535/2660/1111 1034/2035/980
f 1034/2031/980 1535/2655/1111 1532/1712/884 1028/1711/814
f 1035/1550/822 1539/1553/824 1545/2666/949 1038/2038/982
f 1038/2043/982 1545/2670/949 1541/1384/718 1036/1383/717
f 1044/1390/724 1547/1393/727 1549/2678/945 1048/2053/985
f 1048/2049/985 1549/2673/945 1546/1722/815 1042/1721/814
f 1049/1542/822 1553/1545/824 1559/2684/949 1052/2056/976
f 1052/2061/976 1559/2688/949 1555/1400/726 1050/1399/725
f 1058/1382/716 1561/1385/719 1563/2696/945 1062/2071/985
f 1062/2067/985 1563/2691/945 1560/1730/815 1056/1729/814
f 1063/1534/817 1567/1537/820 1573/2702/1119 1066/2074/990
f 1066/2079/990 1573/2706/1119 1569/1404/734 1064/1403/733
f 1072/1398/724 1575/1401/727 1577/2714/945 1076/2089/985
f 1076/2085/985 1577/2709/945 1574/1532/815 1070/1531/814
f 1077/1530/813 1581/1533/816 1587/2720/965 1080/2092/992
f 1080/2097/992 1587/2724/965 1583/1528/811 1078/1527/810
f 1086/1736/889 1589/1739/892 1591/2732/1121 1090/2107/996
f 1090/2103/996 1591/2727/1121 1588/1536/819 1084/1535/818
f 1091/1728/813 1595/1731/829 1601/2738/965 1094/2110/998
f 1094/2115/998 1601/2742/965 1597/1734/860 1092/1733/888
f 1100/1526/809 1603/1529/812 1605/2750/972 1104/2125/1002
f 1104/2121/1002 1605/2745/972 1602/1544/823 1098/1543/818
f 1105/1720/813 1609/1723/816 1615/2756/965 1108/2128/998
f 1108/2133/998 1615/2760/965 1611/1726/811 1106/1725/810
f 1114/1732/887 1617/1735/861 1619/2768/972 1118/2143/1002
f 1118/2139/1002 1619/2763/972 1616/1552/823 1112/1551/818
f 1119/1710/813 1623/1713/816 1629/2774/1128 1122/2146/1005
f 1122/2151/1005 1629/2778/1128 1625/1708/882 1120/1707/881
f 1128/1724/809 1631/1727/812 1633/2786/962 1132/2161/1002
f 1132/2157/1002 1633/2781/962 1630/1666/823 1126/1665/856
f 1133/1714/840 1637/1717/839 1643/2792/1037 1136/2164/1009
f 1136/2169/1009 1643/2796/1037 1639/1376/713 1134/1375/712
f 1142/1690/866 1645/1691/867 1647/2804/1132 1146/2179/1012
f 1146/2175/1012 1647/2799/1132 1644/1756/901 1140/1755/845
f 1147/1646/840 1651/1649/839 1657/2810/1037 1150/2182/1014
f 1150/2187/1014 1657/2814/1037 1653/1424/713 1148/1423/712
f 1156/1374/711 1659/1377/714 1661/2822/1032 1160/2197/1016
f 1160/2193/1016 1661/2817/1032 1658/1764/842 1154/1763/845
f 1161/1638/840 1665/1641/839 1671/2828/1037 1164/2200/1018
f 1164/2205/1018 1671/2832/1037 1667/1428/713 1162/1427/712
f 1170/1422/711 1673/1425/714 1675/2840/1039 1174/2215/1016
f 1174/2211/1016 1675/2835/1039 1672/1772/902 1168/1771/845
f 1175/1630/840 1679/1633/839 1685/2846/1140 1178/2218/1020
f 1178/2223/1020 1685/2850/1140 1681/1431/745 1176/1430/744
f 1184/1426/711 1687/1429/714 1689/2858/1039 1188/2234/1016
f 1188/2230/1016 1689/2853/1039 1686/1628/842 1182/1627/845
f 1189/1626/846 1693/1629/843 1699/2864/1051 1192/2237/1024
f 1192/2242/1024 1699/2868/1051 1695/1624/834 1190/1623/837
f 1198/1718/885 1701/1719/886 1703/2876/1143 1202/2253/1026
f 1202/2248/1026 1703/2871/1143 1700/1632/838 1196/1631/841
f 1203/1770/846 1707/1773/847 1713/2882/1051 1206/2256/1027
f 1206/2261/1027 1713/2886/1051 1709/1776/834 1204/1775/837
f 1212/1622/836 1715/1625/848 1717/2894/1043 1216/2271/1029
f 1216/2267/1029 1717/2889/1043 1714/1640/838 1210/1639/849
f 1217/1762/846 1721/1765/843 1727/2900/1051 1220/2274/1024
f 1220/2279/1024 1727/2904/1051 1723/1768/834 1218/1767/837
f 1226/1774/836 1729/1777/848 1731/2912/1043 1230/2289/1029
f 1230/2285/1029 1731/2907/1043 1728/1648/838 1224/1647/841
f 1231/1754/846 1735/1757/843 1741/2918/1150 1234/2292/1031
f 1234/2297/1031 1741/2922/1150 1737/1693/869 1232/1692/868
f 1240/1766/836 1743/1769/848 1745/2930/1043 1244/2307/1029
f 1244/2303/1029 1745/2925/1043 1742/1716/838 1238/1715/841
f 1245/1758/842 1749/1761/845 1755/2936/1016 1248/2310/1032
f 1248/2315/1032 1755/2940/1016 1751/1380/711 1246/1379/715
f 1254/1432/746 1757/1433/747 1759/2948/1152 1258/2325/1035
f 1258/2321/1035 1759/2943/1152 1756/1780/903 1252/1779/839
f 1259/1614/842 1763/1617/845 1769/2954/1016 1262/2328/1032
f 1262/2333/1032 1769/2958/1016 1765/1448/711 1260/1447/715
f 1268/1378/713 1771/1381/712 1773/2966/1018 1272/2343/1037
f 1272/2339/1037 1773/2961/1018 1770/1788/908 1266/1787/839
f 1273/1606/842 1777/1609/845 1783/2972/1016 1276/2346/1039
f 1276/2351/1039 1783/2976/1016 1779/1444/711 1274/1443/715
f 1282/1446/713 1785/1449/712 1787/2984/1018 1286/2361/1037
f 1286/2357/1037 1787/2979/1018 1784/1796/840 1280/1795/839
f 1287/1598/842 1791/1601/845 1797/2990/1159 1290/2364/1041
f 1290/2369/1041 1797/2994/1159 1793/1408/738 1288/1407/737
f 1296/1442/713 1799/1445/712 1801/3002/1018 1300/2379/1037
f 1300/2375/1037 1801/2997/1018 1798/1596/840 1294/1595/839
f 1301/1594/838 1805/1597/841 1811/3008/1029 1304/2382/1043
f 1304/2387/1043 1811/3012/1029 1807/1592/836 1302/1591/835
f 1310/1668/857 1813/1669/858 1815/3020/1162 1314/2397/1047
f 1314/2393/1047 1815/3015/1162 1812/1600/844 1308/1599/843
f 1315/1794/838 1819/1797/841 1825/3026/1029 1318/2400/1049
f 1318/2405/1049 1825/3030/1029 1821/1800/836 1316/1799/848
f 1324/1590/834 1827/1593/837 1829/3038/1024 1328/2415/1051
f 1328/2411/1051 1829/3033/1024 1826/1608/846 1322/1607/843
f 1329/1786/838 1833/1789/849 1839/3044/1029 1332/2418/1049
f 1332/2423/1049 1839/3048/1029 1835/1792/836 1330/1791/848
f 1338/1798/834 1841/1801/837 1843/3056/1027 1342/2433/1051
f 1342/2429/1051 1843/3051/1027 1840/1616/846 1336/1615/847
f 1343/1778/838 1847/1781/841 1853/3062/1168 1346/2436/1054
f 1346/2441/1054 1853/3066/1168 1849/1741/894 1344/1740/893
f 1352/1790/834 1855/1793/837 1857/3074/1024 1356/2451/1051
f 1356/2447/1051 1857/3069/1024 1854/1760/846 1350/1759/843
f 854/1805/912 860/1812/914 1197/2249/742 1177/2224/1021
